Name,Region,Type,Set,Cost,File Name
Ummm...NO!,Universal,Spell,Awakening,4,ummmno.jpg
Ababila,d'Resh,Creature,Voice of the Storms,4,ababila_dc_vs.jpg
Abaquist,Orothe,Creature,Base Set,1,Abaquist.jpg
Abger,Bograth,Magi,Voice of the Storms,12,abger_bm_vs.jpg
Abraxin's Crown,Cald,Relic,Dream's End,0,abraxins_crown.jpg
Abwyn's Gift,Arderial,Spell,Promo,3,abwynsgift.jpg
Abwyn's Quill,Arderial,Relic,Awakening,0,abwyns_quill.jpg
Adis,Arderial,Magi,Base Set,15,Adis.jpg
Aegris,Nar,Creature,Voice of the Storms,3,aegris_rc_vs.jpg
Aerial Flist,Arderial,Creature,Nightmare's Dawn,3,arderial_aerial_flist.jpg
Aerial Flist,Paradwyn,Creature,Nightmare's Dawn,3,arderial_aerial_flist.jpg
Aglow,Underneath,Spell,Dream's End,2,aglow.jpg
Agovo,Underneath,Creature,Base Set,4,Agovo.jpg
Agram,Core,Magi,Awakening,15,agram.jpg
Agram's Armor,Core,Relic,Awakening,0,agrams_armor.jpg
Agram's Plaything,Core,Relic,Dream's End,0,agrams_plaything.jpg
Agram's Staff,Core,Relic,Dream's End,2,agrams_staff.jpg
Agrilla,Kybar's Teeth,Creature,Dream's End,6,agrilla.jpg
Ahdar,Weave,Magi,Dream's End,15,ahdar.jpg
Ahron,d'Resh,Magi,Voice of the Storms,13,ahron_dm_vs.jpg
Ainjer,Bograth,Creature,Nightmare's Dawn,1,bograth_ainjer.jpg
Ainjer Swarm,Bograth,Spell,Nightmare's Dawn,1,bograth_ainjer_swarm.jpg
Akkar,Kybar's Teeth,Creature,Nightmare's Dawn,6,kybars_teeth_akkar.jpg
Akkar,Underneath,Creature,Nightmare's Dawn,6,kybars_teeth_akkar.jpg
Alaban,Arderial,Creature,Base Set,6,Alaban.jpg
Alaban Gloves,Arderial,Relic,Awakening,0,alaban_gloves.jpg
Alaban Kit,Arderial,Creature,Dream's End,2,alaban_kit.jpg
All-High King Korg,Bograth,Magi,Nightmare's Dawn,24,bograth_allhigh_king_korg.jpg
All-High King Korg,Core,Magi,Nightmare's Dawn,24,bograth_allhigh_king_korg.jpg
Allio,Orothe,Creature,Awakening,6,allio.jpg
Alpine Xamf,Kybar's Teeth,Creature,Nightmare's Dawn,6,kybars_teeth_alpine_xamf.jpg
Alpine Xamf,Naroom,Creature,Nightmare's Dawn,6,kybars_teeth_alpine_xamf.jpg
Amanax,Cald,Magi,Dream's End,10,amanax.jpg
Amara,Arderial,Magi,Traitor's Reach,13,amara_am_tr.jpg
Ambush,Paradwyn,Spell,Nightmare's Dawn,4,paradwyn_ambush.jpg
Amulet of Ombor,Underneath,Relic,Base Set,0,Amulet_of_Ombor.jpg
Amulet of Sand,d'Resh,Relic,Voice of the Storms,2,amuletofsand_dr_vs.jpg
Anarchy,Core,Spell,Awakening,3,anarchy.jpg
Ancestral Flute,Universal,Relic,Base Set,0,Ancestral_Flute.jpg
Ancient's Puzzlebox,Universal,Relic,Traitor's Reach,1,ancientspuzzlebox_ir_tr.jpg
Arawan,Paradwyn,Magi,Nightmare's Dawn,11,paradwyn_arawan.jpg
Arbolit,Cald,Creature,Base Set,1,Arbolit.jpg
Arboll,Naroom,Creature,Base Set,3,Arboll.jpg
Arboll Stalker,Core,Creature,Awakening,4,arboll_stalker.jpg
Archid,Paradwyn,Magi,Voice of the Storms,15,archid_pm_vs.jpg
Arderial Shadow Geyser,Core,Spell,Dream's End,5,arderial_shadow_geyser.jpg
Arderial's Crown,Arderial,Relic,Base Set,0,Arderials_Crown.jpg
Arderian Adept,Arderial,Magi,Voice of the Storms,14,arderianadept_am_vs.jpg
Arderian-Guard Wings,Arderial,Relic,Awakening,0,arderianguard_wings.jpg
Ardonia,Paradwyn,Magi,Nightmare's Dawn,13,paradwyn_ardonia.jpg
Aritex,Weave,Creature,Dream's End,5,aritex.jpg
Arosa,Orothe,Magi,Nightmare's Dawn,12,orothe_arosa.jpg
Artyva,Weave,Magi,Dream's End,13,artyva.jpg
Ascend,Kybar's Teeth,Spell,Dream's End,2,ascend.jpg
Ash Hyren,Cald,Creature,Awakening,8,ash_hyren.jpg
Ashgar,Cald,Magi,Base Set,10,Ashgar.jpg
Ashio,Core,Magi,Dream's End,13,ashio.jpg
Atekkia's Gift,Underneath,Spell,Promo,3,atekkiasgift.jpg
Athik,Underneath,Creature,Awakening,6,athik.jpg
Aubra's Canteen,d'Resh,Relic,Voice of the Storms,1,Aubrascanteen_dr_vs.jpg
Aubra's Hourglass,d'Resh,Relic,Voice of the Storms,3,aubrashourglass_dr_vs.jpg
Aubra's Timepiece,d’Resh,Relic,Traitor's Reach,2,aubrastimepiece_dr_tr.jpg
Aubra's Wisdom,d’Resh,Spell,Traitor's Reach,2,aubraswisdom_ds_tr.jpg
Aula,Arderial,Magi,Awakening,14,aula.jpg
"Aula, Mindseeker",Arderial,Magi,Voice of the Storms,15,aulamindseeker_am_vs.jpg
"Aula, Mindseeker",Orothe,Magi,Voice of the Storms,15,aulamindseeker_am_vs.jpg
Aurorea,Nar,Magi,Traitor's Reach,9,aurorea_rm_tr.jpg
Avatar's Staff,d'Resh,Relic,Voice of the Storms,2,avatarsstaff_dr_vs.jpg
Awakening,Core,Spell,Nightmare's Dawn,1,core_awakening.jpg
Ayebaw,Arderial,Creature,Base Set,5,Ayebaw.jpg
Baa,Bograth,Magi,Nightmare's Dawn,12,bograth_baa.jpg
Baby Furok,Naroom,Creature,Nightmare's Dawn,2,naroom_baby_furok.jpg
Baby Furok,Weave,Creature,Nightmare's Dawn,2,naroom_baby_furok.jpg
Baby Hyren,Universal,Creature,Voice of the Storms,1,babyhyren_ic_vs.jpg
Bagala,Paradwyn,Creature,Nightmare's Dawn,5,paradwyn_bagala.jpg
Bagala Cub,Paradwyn,Creature,Nightmare's Dawn,3,paradwyn_bagala_cub.jpg
Bagala Fangs,Paradwyn,Relic,Nightmare's Dawn,0,paradwyn_bagala_fangs.jpg
Bagala Hunter,Paradwyn,Creature,Nightmare's Dawn,7,paradwyn_bagala_hunter.jpg
Balachron,Nar,Magi,Voice of the Storms,11,balachron_rm_vs.jpg
Balamant,Naroom,Creature,Base Set,6,Balamant.jpg
Balamant Pup,Naroom,Creature,Base Set,4,Balamant_Pup.jpg
Baldar,Kybar's Teeth,Creature,Dream's End,6,baldar.jpg
Balder Amulet,Kybar’s Teeth,Relic,Traitor's Reach,1,baldaramulet_kr_tr.jpg
Ballistic Baldar,Arderial,Creature,Nightmare's Dawn,6,arderial_ballistic_baldar.jpg
Ballistic Baldar,Kybar's Teeth,Creature,Nightmare's Dawn,6,arderial_ballistic_baldar.jpg
Baloo Root,Universal,Relic,Base Set,0,Baloo_Root.jpg
Barak,Cald,Magi,Base Set,17,Barak.jpg
Barak the Red,Cald,Magi,Nightmare's Dawn,17,cald_barak_the_red.jpg
Barak's Ring,Cald,Relic,Promo,0,baraks.jpg
Barqua's Bubble,Orothe,Relic,Dream's End,2,barquas_bubble.jpg
Barreling Vemment,Arderial,Creature,Traitor's Reach,4,barrelingvemment_ac_tr.jpg
Bazha,Paradwyn,Magi,Nightmare's Dawn,12,paradwyn_bazha.jpg
Bazha's Pendant,Paradwyn,Relic,Nightmare's Dawn,0,paradwyn_bazhas_pendant.jpg
Beam of Light,Universal,Spell,Dream's End,4,beam_of_light.jpg
Beeb,d'Resh,Creature,Voice of the Storms,2,beeb_dc_vs.jpg
Bhatar,Naroom,Creature,Base Set,5,Bhatar.jpg
Bikneets,Naroom,Creature,Awakening,2,bikneets.jpg
Binding,Weave,Spell,Dream's End,2,binding.jpg
Bisiwog,Underneath,Creature,Base Set,3,Bisiwog.jpg
Black Agovo,Core,Creature,Awakening,5,black_agovo.jpg
Black Stuff,Bograth,Creature,Traitor's Reach,1,blackstuff_bc_tr.jpg
Blade Hyren,Weave,Creature,Nightmare's Dawn,10,weave_blade_hyren.jpg
Blast Gloves,Cald,Relic,Awakening,0,blast_gloves.jpg
Bleph,Bograth,Creature,Voice of the Storms,1,bleph_bc_vs.jpg
Blight,Core,Spell,Awakening,7,blight.jpg
Blizzard,Nar,Spell,Voice of the Storms,3,blizzard_rs_vs.jpg
Blizzard Core,Nar,Relic,Voice of the Storms,5,blizzardcore_rr_vs.jpg
Blizzard Hyren,Nar,Creature,Voice of the Storms,7,blizzardhyren_rc_vs.jpg
Bloom,Paradwyn,Spell,Nightmare's Dawn,1,paradwyn_bloom.jpg
Blooming Bracelet,Naroom,Relic,Traitor's Reach,2,bloomingbracelet_nr_tr.jpg
Blu,Orothe,Magi,Base Set,14,Blu.jpg
Blue Yajo,Orothe,Creature,Nightmare's Dawn,6,orothe_blue_yajo.jpg
Blue Yajo,Weave,Creature,Nightmare's Dawn,6,orothe_blue_yajo.jpg
Blygt,Bograth,Magi,Nightmare's Dawn,13,bograth_blygt.jpg
Bo'Ahsa,Weave,Magi,Dream's End,14,boahsa.jpg
Bo'Ahsa's Shield,Weave,Relic,Voice of the Storms,2,boahsasshield_wr_vs.jpg
Bog Stench,Bograth,Spell,Nightmare's Dawn,1,bograth_bog_stench.jpg
Bog Stone,Bograth,Relic,Nightmare's Dawn,0,bograth_bog_stone.jpg
Bog Wellisk,Bograth,Creature,Nightmare's Dawn,3,bograth_bog_wellisk.jpg
Bog Wellisk,Orothe,Creature,Nightmare's Dawn,3,bograth_bog_wellisk.jpg
Boil,Orothe,Spell,Awakening,5,boil.jpg
Bolobog,Bograth,Creature,Nightmare's Dawn,1,bograth_bolobog.jpg
Bombard,Cald,Spell,Voice of the Storms,4,bombard_cs_vs.jpg
Bone Cragnoc,Kybar’s Teeth,Creature,Traitor's Reach,8,bonecragnoc_kc_tr.jpg
Bone Grag,d'Resh,Creature,Voice of the Storms,3,bonegrag_dc_vs.jpg
Book of Ages,Universal,Relic,Base Set,0,Book_of_Ages.jpg
Book of Life,Naroom,Relic,Base Set,0,Book_of_Life.jpg
Boomstick,Cald,Relic,Nightmare's Dawn,0,cald_boomstick.jpg
Borgor,Core,Creature,Awakening,8,borgor.jpg
Boria,Paradwyn,Magi,Nightmare's Dawn,16,paradwyn_boria.jpg
Borse,Orothe,Magi,Awakening,12,borse.jpg
Bottled City,d'Resh,Relic,Voice of the Storms,1,bottledcity_dr_vs.jpg
Bottomless Pit,Underneath,Spell,Base Set,3,Bottomless_Pit.jpg
Braggle,Cald,Creature,Awakening,4,braggle.jpg
Brannix,Arderial,Creature,Awakening,5,brannix.jpg
Bria,Orothe,Magi,Dream's End,12,bria.jpg
"Bria, Relic Hunter",Orothe,Magi,Traitor's Reach,13,briarelichunter_om_tr.jpg
Brittlebreak,Nar,Spell,Voice of the Storms,3,brittlebreak_rs_vs.jpg
Brog,Bograth,Magi,Nightmare's Dawn,14,bograth_brog.jpg
"Brog, Swamp Thug",Bograth,Magi,Traitor's Reach,14,brogswampthug_bm_tr.jpg
Bronk,Underneath,Magi,Awakening,16,bronk.jpg
Bronn,Nar,Magi,Voice of the Storms,9,bronn_rm_vs.jpg
Bronn's Battle Staff,Nar,Relic,Voice of the Storms,1,bronnsbattlestaff_rr_vs.jpg
Brothers of Vengeance,Orothe,Magi,Voice of the Storms,18,brothersofvengance_om_vs.jpg
Brub,Underneath,Creature,Base Set,2,Brub.jpg
Brushfire,Cald,Spell,Nightmare's Dawn,2,cald_brushfire.jpg
Brushfire,Weave,Spell,Nightmare's Dawn,2,cald_brushfire.jpg
Bubble Xyx,Arderial,Creature,Nightmare's Dawn,3,arderial_bubble_xyx.jpg
Bubble Xyx,Orothe,Creature,Nightmare's Dawn,3,arderial_bubble_xyx.jpg
Bulabantu,d'Resh,Creature,Voice of the Storms,5,bulabantu_dc_vs.jpg
Bulabantu,Paradwyn,Creature,Voice of the Storms,5,bulabantu_dc_vs.jpg
Bulomp,Bograth,Magi,Traitor's Reach,15,bulomp_bm_tr.jpg
Bungaloo,Naroom,Creature,Dream's End,2,bungaloo_naroom.jpg
Bungaloo,Weave,Creature,Dream's End,2,bungaloo_weave.jpg
Burrow,Underneath,Spell,Base Set,X+1,Burrow.jpg
Bwill,Orothe,Creature,Base Set,1,Bwill.jpg
Bythan's Gift,Naroom,Spell,Promo,3,bythansgift.jpg
Cactus Dryte,d'Resh,Creature,Voice of the Storms,4,cactusdryte_dc_vs.jpg
Cald Shadow Geyser,Core,Spell,Dream's End,5,cald_shadow_geyser.jpg
Caldera Aq,Cald,Creature,Traitor's Reach,2,calderaaq_cc_tr.jpg
Carillion,Naroom,Creature,Base Set,4,Carillion.jpg
Carillion Titan,Naroom,Creature,Traitor's Reach,9,carilliontitan_nc_tr.jpg
Carnivorous Cave,Underneath,Spell,Base Set,3,Carnivorous_Cave.jpg
Cataclysm,Arderial,Spell,Dream's End,10,cataclysm.jpg
Cauldron of Ice,Nar,Relic,Voice of the Storms,2,cauldronofice_rr_vs.jpg
Cave Hyren,Underneath,Creature,Base Set,5,Cave_Hyren.jpg
Cave In,Underneath,Spell,Base Set,4,Cave_In.jpg
Cave Rudwot,Underneath,Creature,Base Set,3,Cave_Rudwot.jpg
Cawh,Orothe,Creature,Voice of the Storms,15,cawh_oc_vs.jpg
Celebrated Hero,Kybar's Teeth,Magi,Voice of the Storms,10,celebratedhero_km_vs.jpg
Celebrated Hero,Underneath,Magi,Voice of the Storms,10,celebratedhero_km_vs.jpg
Channeler's Gloves,Universal,Relic,Base Set,0,Channelers_Gloves.jpg
Chaos Flugg,Core,Creature,Nightmare's Dawn,6,core_chaos_flugg.jpg
Chaos Jile,Core,Creature,Awakening,6,chaos_jile.jpg
Chaos Plith,Core,Creature,Dream's End,5,chaos_plith.jpg
Chaos Sphere,Core,Relic,Awakening,0,chaos_sphere.jpg
Charg,Cald,Creature,Voice of the Storms,3,charg_cc_vs.jpg
Chasm Jile,d'Resh,Creature,Nightmare's Dawn,3,dresh_chasm_jile.jpg
Chasm Jile,Weave,Creature,Nightmare's Dawn,3,dresh_chasm_jile.jpg
Chayla,Naroom,Magi,Promo,12,chayla.jpg
Chill Cane,Nar,Relic,Traitor's Reach,2,chillcane_rr_tr.jpg
Chill of Night,d'Resh,Spell,Voice of the Storms,4,chillofnight_ds_vs.jpg
Chogulith,Kybar's Teeth,Relic,Dream's End,2,chogulith.jpg
Chogus,Kybar's Teeth,Creature,Dream's End,4,chogus.jpg
Chogus Little,Kybar's Teeth,Creature,Promo,5,choguslittle.jpg
Chur,Core,Magi,Dream's End,15,chur.jpg
Cinder Hyren,Cald,Creature,Traitor's Reach,5,cinderhyren_cc_tr.jpg
Circling Darbok,d’Resh,Creature,Traitor's Reach,5,circlingdarbok_dc_tr.jpg
Cleansing,Kybar's Teeth,Spell,Nightmare's Dawn,1,kybars_teeth_cleansing.jpg
Cleansing,Underneath,Spell,Nightmare's Dawn,1,kybars_teeth_cleansing.jpg
Cliff Hyren,Kybar's Teeth,Creature,Dream's End,10,cliff_hyren.jpg
Climbing Staff,Kybar's Teeth,Relic,Dream's End,0,climbing_staff.jpg
Cloud Narth,Arderial,Creature,Base Set,2,Cloud_Narth.jpg
Cloud Orshaa,Arderial,Creature,Voice of the Storms,0,cloudorshaa_ac_vs.jpg
Cloud Sceptre,Arderial,Relic,Base Set,0,Cloud_Sceptre.jpg
Coal Ergar,Cald,Creature,Voice of the Storms,4,coalergar_cc_vs.jpg
Collar of Despair,Core,Relic,Awakening,0,collar_of_despair.jpg
Collosit,Universal,Creature,Traitor's Reach,4,collosit_ic_tr.jpg
Colossus,Universal,Creature,Base Set,12,Colossus.jpg
Comet Hyren,Arderial,Creature,Promo,7,comethyren.jpg
Coral Hyren,Orothe,Creature,Base Set,4,Coral_Hyren.jpg
Coral Pyder,Orothe,Creature,Promo,2,coralpyder.jpg
Corathan,Core,Creature,Nightmare's Dawn,5,core_corathan.jpg
Core Grag,Core,Creature,Awakening,5,core_grag.jpg
Core Hyren,Core,Creature,Awakening,6,core_hyren.jpg
Corf,Orothe,Creature,Base Set,3,Corf.jpg
Corf Pearl,Orothe,Relic,Base Set,0,Corf_Pearl.jpg
Corrupt,Core,Spell,Awakening,4,corrupt.jpg
Countless Blades,Weave,Spell,Traitor's Reach,5,countlessblades_ws_tr.jpg
Crag Quor,Kybar's Teeth,Creature,Dream's End,7,crag_quor.jpg
Cragnoc,Kybar's Teeth,Creature,Dream's End,10,cragnoc.jpg
Craw,d’Resh,Creature,Traitor's Reach,2,craw_dc_tr.jpg
Creeping Ainjer,Bograth,Creature,Traitor's Reach,2,creepingainjer_bc_tr.jpg
Creeping Chill,Bograth,Spell,Nightmare's Dawn,2,bograth_creeping_chill.jpg
Creeping Chill,Kybar's Teeth,Spell,Nightmare's Dawn,2,bograth_creeping_chill.jpg
Crouching Xamf,Kybar’s Teeth,Creature,Traitor's Reach,2,crouchingxamf_kc_tr.jpg
Crown of Grath,Bograth,Relic,Nightmare's Dawn,0,bograth_crown_of_grath.jpg
Crushing Darkness,Core,Spell,Nightmare's Dawn,4,core_crushing_darkness.jpg
Crushing Fungus,Underneath,Spell,Nightmare's Dawn,4,underneath_crushing_fungus.jpg
Crushing Growth,Weave,Spell,Nightmare's Dawn,4,weave_crushing_growth.jpg
Crushing Heat,Cald,Spell,Nightmare's Dawn,4,cald_crushing_heat.jpg
Crushing Ice,Nar,Spell,Voice of the Storms,4,crushingice_rs_vs.jpg
Crushing Roots,Naroom,Spell,Nightmare's Dawn,4,naroom_crushing_roots.jpg
Crushing Sands,d'Resh,Spell,Voice of the Storms,4,crushingsands_ds_vs.jpg
Crushing Stench,Bograth,Spell,Nightmare's Dawn,4,bograth_crushing_stench.jpg
Crushing Stones,Kybar's Teeth,Spell,Nightmare's Dawn,4,kybars_teeth_crushing_stones.jpg
Crushing Surf,Orothe,Spell,Nightmare's Dawn,4,orothe_crushing_surf.jpg
Crushing Vines,Paradwyn,Spell,Nightmare's Dawn,4,paradwyn_crushing_vines.jpg
Crushing Will,Universal,Spell,Traitor's Reach,4,crushingwill_is_tr.jpg
Crushing Winds,Arderial,Spell,Nightmare's Dawn,4,arderial_crushing_winds.jpg
Cry of Thunder,Arderial,Spell,Awakening,4,cry_of_thunder.jpg
Crystal Arboll,Underneath,Creature,Base Set,2,Crystal_Arboll.jpg
Crystal Goblet,Underneath,Relic,Traitor's Reach,1,crystalgoblet_ur_tr.jpg
Crystal Hyren,Underneath,Creature,Traitor's Reach,6,crystalhyren_uc_tr.jpg
Crystal Jile,Underneath,Creature,Awakening,6,crystal_jile.jpg
Crystal Lascinth,Underneath,Creature,Voice of the Storms,6,crystallascinth_uc_vs.jpg
Crystal Parmalag,Underneath,Creature,Dream's End,7,crystal_parmalag.jpg
Crystal Saris,Underneath,Creature,Traitor's Reach,4,crystalsaris_uc_tr.jpg
Crystal Shield,Underneath,Spell,Traitor's Reach,2,crystalshield_us_tr.jpg
Crystal Twinklet,Underneath,Creature,Traitor's Reach,3,crystaltwinklet_uc_tr.jpg
Crystal Vision,d'Resh,Spell,Voice of the Storms,2,crystalvision_ds_vs.jpg
Crystallize,Nar,Spell,Voice of the Storms,2,crystallize_rs_vs.jpg
Culla,Paradwyn,Magi,Nightmare's Dawn,16,paradwyn_culla.jpg
Curse of the Abaquist,Orothe,Spell,Nightmare's Dawn,4,orothe_curse_of_the.jpg
Curse of the Abaquist,Paradwyn,Spell,Nightmare's Dawn,4,paradwyn_curse_of_the.jpg
Cyclone Vashp,Arderial,Creature,Base Set,4,Cyclone_Vashp.jpg
Cyclone Xyx,Arderial,Creature,Voice of the Storms,7,cyclonexyx_ac_vs.jpg
d'Jarvish,d'Resh,Magi,Nightmare's Dawn,14,dresh_djarvish.jpg
d'Jarvish,Underneath,Magi,Nightmare's Dawn,14,dresh_djarvish.jpg
d'Rasha,d'Resh,Magi,Voice of the Storms,12,drasha_dm_vs.jpg
Dagok,Core,Creature,Voice of the Storms,5,dagok_xc_vs.jpg
Dakat,d'Resh,Magi,Voice of the Storms,15,dakat_dm_vs.jpg
Darbok,d'Resh,Creature,Voice of the Storms,3,darbok_dc_vs.jpg
Darge,Kybar's Teeth,Creature,Dream's End,7,darge.jpg
Dark Ayebaw,Core,Creature,Awakening,3,dark_ayebaw.jpg
Dark Cragnoc,Core,Creature,Nightmare's Dawn,12,core_dark_cragnoc.jpg
Dark Furok,Core,Creature,Dream's End,6,dark_furok.jpg
Dark Portents,Core,Spell,Voice of the Storms,2,darkportents_xs_vs.jpg
Dark Vellup,Core,Creature,Traitor's Reach,4,darkvellup_xc_tr.jpg
Darkbreed Hyren,Core,Creature,Awakening,11,darkbreed_hyren.jpg
Darkbreed's Minion,Core,Creature,Nightmare's Dawn,7,core_darkbreeds_minion.jpg
Darkness,Bograth,Spell,Nightmare's Dawn,7,bograth_darkness.jpg
Dasia,Paradwyn,Creature,Nightmare's Dawn,1,paradwyn_dasia.jpg
Dasia,Weave,Creature,Nightmare's Dawn,1,paradwyn_dasia.jpg
Daydreams,d'Resh,Spell,Voice of the Storms,1,daydreams_ds_vs.jpg
Deadfall,Naroom,Spell,Awakening,3,deadfall.jpg
Deadwood Staff,Bograth,Relic,Nightmare's Dawn,0,bograth_deadwood_staff.jpg
Deceptive Dreams,d'Resh,Spell,Voice of the Storms,3,deceptivedreams_ds_vs.jpg
Deep Barl,Orothe,Creature,Dream's End,6,deep_barl.jpg
Deep Hyren,Orothe,Creature,Base Set,6,Deep_Hyren.jpg
Deep Wellisk,Orothe,Creature,Dream's End,4,deep_wellisk.jpg
Defender of the Sky,Arderial,Magi,Nightmare's Dawn,10,arderial_defender_o.jpg
Delia - Keeper,Arderial,Magi,Dream's End,12,delia.jpg
Desiccate,d'Resh,Spell,Voice of the Storms,5,desiccate_ds_vs.jpg
Dewstone,Kybar's Teeth,Relic,Nightmare's Dawn,2,kybars_teeth_dewstone.jpg
Dewstone,Paradwyn,Relic,Nightmare's Dawn,2,kybars_teeth_dewstone.jpg
Dey,d'Resh,Magi,Voice of the Storms,14,dey_dm_vs.jpg
Digging Goggles,Underneath,Relic,Base Set,0,Digging_Goggles.jpg
Diobor,Cald,Creature,Base Set,6,Diobor.jpg
Diomant,Cald,Creature,Dream's End,6,diomant.jpg
Disc of Inferno,Cald,Relic,Traitor's Reach,1,discofinferno_cr_tr.jpg
Djarmander,Nar,Creature,Voice of the Storms,4,djarmander_rc_vs.jpg
Drahkar,d'Resh,Creature,Voice of the Storms,11,drahkar_dc_vs.jpg
Drajan,d'Resh,Magi,Voice of the Storms,15,drajan_dm_vs.jpg
Drakan,Cald,Creature,Base Set,6,Drakan.jpg
Dream Balm,Universal,Relic,Base Set,0,Dream_Balm.jpg
Dream Catcher,d’Resh,Relic,Traitor's Reach,2,dreamcatcher_dr_tr.jpg
Dream Channel,Universal,Spell,Awakening,2,dream_channel.jpg
Dream Rift,Core,Spell,Awakening,5,dream_rift.jpg
Dreamdrain Charm,Nar,Relic,Voice of the Storms,2,dreamdraincharm_rr_vs.jpg
Dreamthread Bracelet,Arderial,Relic,Traitor's Reach,1,dreamthreadbracelet_ar_tr.jpg
Drig,Bograth,Magi,Voice of the Storms,14,drig_bm_vs.jpg
Drought,Weave,Spell,Dream's End,2,drought.jpg
Drowl,Weave,Creature,Dream's End,6,drowl.jpg
Drum Solo,Paradwyn,Spell,Traitor's Reach,4,drumsolo_ps_tr.jpg
Drush,Core,Creature,Dream's End,4,drush.jpg
Drush,Core,Creature,Promo,4,drush.jpg
Dryte,Nar,Creature,Voice of the Storms,5,dryte_rc_vs.jpg
Dryte Fiend,Core,Creature,Awakening,5,dryte_fiend.jpg
Dune Compass,d'Resh,Relic,Voice of the Storms,1,dunecompass_dr_vs.jpg
Ebony Mirror,Core,Relic,Voice of the Storms,0,ebonymiror_xr_vs.jpg
Ebylon,Orothe,Magi,Base Set,13,Ebylon.jpg
Eclipse,Arderial,Spell,Base Set,5,Eclipse.jpg
Eebit,Naroom,Creature,Base Set,2,Eebit.jpg
Eidon,Naroom,Magi,Promo,12,Eidon.jpg
Elder Vellup,Arderial,Creature,Dream's End,5,elder_vellup.jpg
Elder Weebo,Naroom,Creature,Dream's End,5,elder_weebo.jpg
Elder Yark,Arderial,Creature,Nightmare's Dawn,7,arderial_elder_yark.jpg
Elder Yark,Kybar's Teeth,Creature,Nightmare's Dawn,7,arderial_elder_yark.jpg
Elemental Shield,Universal,Spell,Promo,1,elementalshield.jpg
Elios,Arderial,Magi,Dream's End,10,elios.jpg
Emaal,Underneath,Magi,Promo,10,emaal.jpg
Emaya,Nar,Magi,Voice of the Storms,10,emaya_rm_vs.jpg
Ember Hyren,Cald,Creature,Voice of the Storms,5,emberhyren_cc_vs.jpg
Ember Hyren,Naroom,Creature,Voice of the Storms,5,emberhyren_cc_vs.jpg
Ember Vard,Arderial,Creature,Promo,2,embervardarderial.jpg
Ember Vard,Cald,Creature,Promo,2,embervardcald.jpg
Emec,Kybar's Teeth,Magi,Dream's End,10,emec.jpg
Emec's Forge,Kybar's Teeth,Relic,Voice of the Storms,2,emecsforge_kr_vs.jpg
Emlob,Bograth,Magi,Nightmare's Dawn,13,bograth_emlob.jpg
Empress Gia,Core,Magi,Promo,15,empress.jpg
Energy Band,Naroom,Relic,Base Set,0,Energy_Band.jpg
Enrich,Underneath,Spell,Base Set,1,Enrich.jpg
Entangle,Orothe,Spell,Base Set,3,Entangle.jpg
Entomb,Core,Spell,Awakening,3,entomb.jpg
Entrench,Underneath,Spell,Traitor's Reach,1,entrench_us_tr.jpg
Epik,Arderial,Creature,Base Set,4,Epik.jpg
Equilibrate,Universal,Spell,Dream's End,3,equilibrate.jpg
Ergar,Cald,Creature,Awakening,4,ergar.jpg
Erisa,Nar,Magi,Voice of the Storms,11,erisa_rm_vs.jpg
Eryss,Bograth,Magi,Nightmare's Dawn,15,bograth_eryss.jpg
Eryss,Paradwyn,Magi,Nightmare's Dawn,15,bograth_eryss.jpg
Essence of Frost,Nar,Relic,Voice of the Storms,2,essenceoffrost_rr_vs.jpg
Essence of Naroom,Naroom,Relic,Awakening,0,essence_of_naroom.jpg
Everburning Wick,Cald,Relic,Voice of the Storms,2,everburningwick_cr_vs.jpg
Everburning Wick,Weave,Relic,Voice of the Storms,2,everburningwick_cr_vs.jpg
Evil Evu,Core,Magi,Dream's End,15,evil_evu.jpg
Evu,Naroom,Magi,Base Set,15,Evu.jpg
Evu's Jellybeans,Naroom,Relic,Dream's End,X,evus_jellybeans.jpg
Exposure,Nar,Spell,Voice of the Storms,3,exposure_rs_vs.jpg
Eye of the Storm,Arderial,Relic,Base Set,0,Eye_of_the_Storm.jpg
Eyes of Arderial,Arderial,Relic,Dream's End,0,eyes_of_arderial.jpg
Fate's Whimsy,Universal,Spell,Dream's End,1,fates_whimsy.jpg
Feet of Stone,Kybar's Teeth,Spell,Dream's End,2,feet_of_stone.jpg
Fiend of Furoks,Core,Magi,Voice of the Storms,15,fiendoffuroks_xm_vs.jpg
Fird,Naroom,Creature,Voice of the Storms,1,firds_nc_vs.jpg
Fird Stone,Naroom,Relic,Awakening,0,fird_stone.jpg
Fire ball,Cald,Spell,Base Set,2,Fire_ball.jpg
Fire Chogo,Cald,Creature,Base Set,2,Fire_Chogo.jpg
Fire Flow,Cald,Spell,Base Set,1,Fire_Flow.jpg
Fire Grag,Cald,Creature,Base Set,6,Fire_Grag.jpg
Firefly Amulet,Cald,Relic,Nightmare's Dawn,1,cald_firefly_amulet.jpg
Firefly Swarm,Cald,Spell,Awakening,2,firefly_swarm.jpg
Firestorm Orish,Arderial,Creature,Nightmare's Dawn,5,arderial_firestorm_orish.jpg
Firestorm Orish,Cald,Creature,Nightmare's Dawn,5,arderial_firestorm_orish.jpg
Flambit,Cald,Creature,Voice of the Storms,3,flambit_cc_vs.jpg
Flame Control,Cald,Spell,Base Set,1,Flame_Control.jpg
Flame Geyser,Cald,Spell,Base Set,7,Flame_Geyser.jpg
Flame Hyren,Cald,Creature,Base Set,9,Flame_Hyren.jpg
Flame Jakla,Cald,Creature,Traitor's Reach,5,flamejakla_cc_tr.jpg
Flame Rudwot,Cald,Creature,Nightmare's Dawn,4,cald_flame_rudwot.jpg
Flame Rudwot,Naroom,Creature,Nightmare's Dawn,4,cald_flame_rudwot.jpg
Flame Spurt,Cald,Spell,Voice of the Storms,1,flamespurt_cs_vs.jpg
Flame Trulb,Bograth,Creature,Nightmare's Dawn,2,bograth_flame_trulb.jpg
Flame Trulb,Cald,Creature,Nightmare's Dawn,2,bograth_flame_trulb.jpg
Flameplate Armor,Cald,Relic,Voice of the Storms,2,flameplatearmor_cr_vs.jpg
Flashfreeze,Nar,Spell,Traitor's Reach,3,flashfreeze_rs_tr.jpg
Flint Staff,Kybar’s Teeth,Relic,Traitor's Reach,1,flintstaff_kr_tr.jpg
Flood of Energy,Naroom,Spell,Base Set,2,Flood_of_Energy.jpg
Flourish,Paradwyn,Spell,Nightmare's Dawn,3,paradwyn_flourish.jpg
Flugg,Weave,Creature,Dream's End,4,flugg.jpg
Flutter Yup,Arderial,Creature,Awakening,1,flutter_yup.jpg
Flying Darbok,Arderial,Creature,Voice of the Storms,3,flyingdarbok_ac_vs.jpg
Flying Hinko,Arderial,Creature,Nightmare's Dawn,3,arderial_flying_hinko.jpg
Flying Hinko,Naroom,Creature,Nightmare's Dawn,3,arderial_flying_hinko.jpg
Focus,Universal,Spell,Nightmare's Dawn,3,universal_focus.jpg
Fog Bank,Arderial,Spell,Base Set,3,Fog_Bank.jpg
Fog Hyren,Bograth,Creature,Nightmare's Dawn,6,bograth_fog_hyren.jpg
Fog Hyren,Paradwyn,Creature,Nightmare's Dawn,6,bograth_fog_hyren.jpg
Forest Blessing,Naroom,Spell,Awakening,5,forest_blessing.jpg
Forest Hyren,Naroom,Creature,Awakening,9,forest_hyren.jpg
Forest Hyren,Naroom,Creature,Promo,9,forest_hyren.jpg
Forest Jile,Naroom,Creature,Awakening,5,forest_jile.jpg
Forest Wudge,Naroom,Creature,Voice of the Storms,3,forestwudge_nc_vs.jpg
Forgotten Dancer,Universal,Relic,Awakening,0,forgotten_dancer.jpg
Forgotten Dreams,d'Resh,Spell,Voice of the Storms,2,forgottendreams_ds_vs.jpg
Forgotten Songs,d'Resh,Spell,Voice of the Storms,1,forgottensongs_ds_vs.jpg
Forgotten Tales,d'Resh,Spell,Voice of the Storms,2,forgottentales_ds_vs.jpg
Fossik,Underneath,Magi,Base Set,10,Fossik.jpg
"Fossik, Ringsmith",Underneath,Magi,Nightmare's Dawn,12,underneath_fossik_ri.jpg
Fray,Nar,Magi,Voice of the Storms,13,fray_rm_vs.jpg
Freep,Underneath,Creature,Voice of the Storms,1,freep_uc_vs.jpg
Frenzy,Bograth,Spell,Nightmare's Dawn,3,bograth_frenzy.jpg
Frost Hyren,Nar,Creature,Voice of the Storms,8,frosthyren_rc_vs.jpg
Frost Raxis,Nar,Creature,Voice of the Storms,4,frostraxis_rc_vs.jpg
Froxfire,Paradwyn,Spell,Nightmare's Dawn,5,paradwyn_froxfire.jpg
Frusk,Weave,Creature,Dream's End,2,frusk.jpg
Furlosk,Bograth,Creature,Promo,7,furloskbograth.jpg
Furlosk,Naroom,Creature,Promo,7,furlosknaroom.jpg
Furok,Naroom,Creature,Base Set,4,Furok.jpg
Furok Guardian,Naroom,Creature,Awakening,10,furok_guardian.jpg
Furok Protector,Nar,Creature,Voice of the Storms,3,furokprotector_rc_vs.jpg
Galiant,Arderial,Creature,Nightmare's Dawn,6,arderial_galiant.jpg
Galiant,Kybar's Teeth,Creature,Nightmare's Dawn,6,arderial_galiant.jpg
Gar,Cald,Magi,Base Set,14,Gar.jpg
Garadan,Core,Creature,Dream's End,7,garadan.jpg
Garan,Naroom,Creature,Dream's End,6,garan.jpg
Gargagnor,Kybar's Teeth,Creature,Dream's End,4,gargagnor.jpg
Garlak,Nar,Creature,Voice of the Storms,5,garlak_rc_vs.jpg
Gate to Ombor,Underneath,Relic,Nightmare's Dawn,6,underneath_gate_to_ombor.jpg
Gauntlets of Colossal Power,Universal,Relic,Promo,2,gauntletsofcolpower.jpg
Ghazran,Paradwyn,Creature,Nightmare's Dawn,10,paradwyn_ghazran.jpg
Gherish,d'Resh,Magi,Voice of the Storms,14,gherish_dm_vs.jpg
Ghost Bwisp,Underneath,Creature,Awakening,2,ghost_bwisp.jpg
Gia,Weave,Magi,Promo,16,Gia.jpg
Gia Pet,Core,Creature,Promo,9,pet.jpg
Gia's Tome,Weave,Relic,Dream's End,1,gias_tome.jpg
Giant Arboll,Cald,Creature,Dream's End,4,giant_arboll.jpg
Giant Baldar,Kybar's Teeth,Creature,Dream's End,9,giant_baldar.jpg
Giant Carillion,Naroom,Creature,Base Set,8,Giant_Carillion.jpg
Giant Chogus,Kybar's Teeth,Creature,Dream's End,8,giant_chogus.jpg
Giant Korrit,Underneath,Creature,Base Set,5,Giant_Korrit.jpg
Giant Parathin,Orothe,Creature,Base Set,10,Giant_Parathin.jpg
Giant Parmalag,Underneath,Creature,Base Set,5,Giant_Parmalag.jpg
Giant Vulbor,Underneath,Creature,Base Set,4,Giant_Vulbor.jpg
Gift of the Weave,Weave,Relic,Nightmare's Dawn,3,weave_gift_of_the_weave.jpg
Gilded Cage,Naroom,Spell,Awakening,2,gilded_cage.jpg
Glablit,Bograth,Creature,Nightmare's Dawn,1,bograth_glablit.jpg
Glacier Hyren,Nar,Creature,Voice of the Storms,9,glacierhyren_rc_vs.jpg
Glade Hyren,Naroom,Creature,Promo,7,gladehyren.jpg
Gloom,Core,Spell,Awakening,4,gloom.jpg
Gloves of Crystal,Underneath,Relic,Base Set,0,Gloves_of_Crystal.jpg
Gogor,Underneath,Magi,Base Set,13,Gogor.jpg
Gogor's Spade,Kybar's Teeth,Relic,Voice of the Storms,1,gogorsspade_kr_vs.jpg
Gogor's Spade,Underneath,Relic,Voice of the Storms,1,gogorsspade_kr_vs.jpg
Golthub,Bograth,Magi,Nightmare's Dawn,17,bograth_golthub.jpg
Golthub,Core,Magi,Nightmare's Dawn,17,bograth_golthub.jpg
Good Ol' Ashgar,Cald,Magi,Nightmare's Dawn,12,cald_good_ol_ashgar.jpg
Gorath,Core,Creature,Awakening,10,gorath.jpg
Gorath Cub,Core,Creature,Traitor's Reach,3,gorathcub_xc_tr.jpg
Gorgle's Curse,Underneath,Spell,Awakening,5,gorgles_curse.jpg
Gorgle's Gift,Cald,Spell,Promo,3,gorgles.jpg
Gorgle's Glasses,Cald,Relic,Awakening,2,gorgles_glasses.jpg
Gorgle's Ring,Cald,Relic,Base Set,0,Gorgles_Ring.jpg
Gorran,Bograth,Magi,Nightmare's Dawn,19,bograth_gorran.jpg
Gragling,Core,Creature,Promo,3,gragling.jpg
Grahnna,Bograth,Magi,Nightmare's Dawn,13,bograth_grahnna.jpg
Grakanden,Underneath,Creature,Promo,9,grakanden.jpg
Granas,Cald,Creature,Nightmare's Dawn,5,cald_granas.jpg
Granas,Underneath,Creature,Nightmare's Dawn,5,cald_granas.jpg
Grand Epik,Arderial,Creature,Dream's End,5,grand_epik.jpg
Granite Parmalag,Kybar's Teeth,Creature,Dream's End,8,granite_parmalag.jpg
Gransaber,Nar,Creature,Voice of the Storms,8,gransaber_rc_vs.jpg
Grapple Tooth,Kybar’s Teeth,Relic,Traitor's Reach,1,grappletooth_kr_tr.jpg
Grass Etiki,Paradwyn,Creature,Nightmare's Dawn,1,paradwyn_grass_etiki.jpg
Grass Etiki,Weave,Creature,Nightmare's Dawn,1,paradwyn_grass_etiki.jpg
Grass Hyren,Weave,Creature,Dream's End,6,grass_hyren.jpg
Gratch,Kybar's Teeth,Creature,Dream's End,4,gratch.jpg
Gravity,Kybar’s Teeth,Spell,Traitor's Reach,1,gravity_ks_tr.jpg
Grax,Core,Creature,Awakening,6,grax.jpg
Great Pool of Wisdom,Bograth,Relic,Nightmare's Dawn,0,bograth_great_pool_.jpg
Great Throne Mushrooms,Bograth,Relic,Nightmare's Dawn,1,bograth_the_great_t.jpg
Great White Narth,Nar,Creature,Voice of the Storms,5,greatwhitenarth_rc_vs.jpg
Greater Gargagnor,Kybar's Teeth,Creature,Nightmare's Dawn,10,kybars_teeth_greater.jpg
Greater Vaal,Cald,Creature,Base Set,5,Greater_Vaal.jpg
Green Stuff,Bograth,Creature,Nightmare's Dawn,0,bograth_green_stuff.jpg
Grega,Cald,Magi,Base Set,10,Grega.jpg
Grega's Ring,Cald,Relic,Dream's End,2,gregas_ring.jpg
Grej,Kybar's Teeth,Magi,Dream's End,13,grej.jpg
Gremble,Bograth,Creature,Nightmare's Dawn,2,bograth_gremble.jpg
Gremble,Paradwyn,Creature,Nightmare's Dawn,2,bograth_gremble.jpg
Gremm's Hammer,Underneath,Relic,Awakening,0,gremms_hammer.jpg
Gremm's Helmet,Underneath,Relic,Dream's End,2,gremms_helmet.jpg
Grendile,Nar,Creature,Voice of the Storms,8,grendile_nc_vs.jpg
Grendile,Naroom,Creature,Voice of the Storms,8,grendile_nc_vs.jpg
Grim Goblet,Core,Relic,Awakening,0,grim_goblet.jpg
Grizzled Moga,Kybar's Teeth,Creature,Voice of the Storms,5,grizzledmoga_kc_vs.jpg
Groll - Watchkeeper,Kybar's Teeth,Magi,Dream's End,10,groll.jpg
Groll the Fallen,Kybar’s Teeth,Magi,Traitor's Reach,14,grollthefallen_km_tr.jpg
Grotto Phrup,Orothe,Creature,Traitor's Reach,3,grottophrup_oc_tr.jpg
Ground Breaker,Underneath,Spell,Base Set,3,Ground_Breaker.jpg
Grow,Naroom,Spell,Base Set,3,Grow.jpg
Grubble,Core,Creature,Awakening,3,grubble.jpg
Gruk,Underneath,Magi,Base Set,13,Gruk.jpg
Gulg,Underneath,Magi,Traitor's Reach,14,gulg_um_tr.jpg
Gum-Gum,Underneath,Creature,Base Set,2,Gum-Gum.jpg
Gumph,Core,Creature,Voice of the Storms,4,gumph_xc_vs.jpg
Gwaeg,Bograth,Creature,Nightmare's Dawn,1,bograth_gwaeg.jpg
Gwaeg,Core,Creature,Nightmare's Dawn,1,bograth_gwaeg.jpg
Gwomba,Paradwyn,Creature,Voice of the Storms,6,gwomba_pc_vs.jpg
Gyrg,Underneath,Magi,Nightmare's Dawn,10,underneath_gyrg.jpg
Habob,d'Resh,Creature,Voice of the Storms,5,habob_dc_vs.jpg
Hailstorm Pendant,Nar,Relic,Voice of the Storms,1,hailstormpendant_rr_vs.jpg
Hajnyn,Nar,Magi,Traitor's Reach,13,hajnyn_rm_tr.jpg
Halsted,Nar,Magi,Voice of the Storms,9,halsted_rm_vs.jpg
Hand of the Sky,Arderial,Relic,Nightmare's Dawn,1,arderial_hand_of_the_sky.jpg
Hapu,Universal,Creature,Traitor's Reach,3,hapu_ic_tr.jpg
Harban,Core,Creature,Dream's End,5,harban.jpg
Hardshell Weebo,Paradwyn,Creature,Nightmare's Dawn,1,paradwyn_hardshell_weebo.jpg
Harmony,Weave,Spell,Dream's End,6,harmony.jpg
Harresh,d'Resh,Magi,Voice of the Storms,15,harresh_dm_vs.jpg
Harror,Core,Magi,Awakening,15,harror.jpg
"Harror, Nightstalker",Core,Magi,Voice of the Storms,11,harrornightstalker_xm_vs.jpg
Harvest Feast,Naroom,Spell,Traitor's Reach,3,harvestfeast_ns_tr.jpg
Hasseth,d'Resh,Magi,Voice of the Storms,12,hasseth_dm_vs.jpg
Haunt,Core,Spell,Voice of the Storms,5,haunt_xs_vs.jpg
Haunting Visions,Core,Spell,Traitor's Reach,2,hauntingvisions_xs_tr.jpg
Heal,Universal,Spell,Nightmare's Dawn,4,universal_heal.jpg
Healing Light,Universal,Spell,Voice of the Storms,0,healinglight_is_vs.jpg
Heart of Paradise,Bograth,Relic,Nightmare's Dawn,0,paradwyn_heart_of_paradise.jpg
Heart of Paradise,Paradwyn,Relic,Nightmare's Dawn,0,paradwyn_heart_of_paradise.jpg
Heart of the Sky,Arderial,Relic,Nightmare's Dawn,1,arderial_heart_of_the_sky.jpg
Heat Lens,Cald,Relic,Base Set,0,Heat_Lens.jpg
Heat of Day,d'Resh,Spell,Voice of the Storms,2,heatofday_ds_vs.jpg
Helgrem,Nar,Magi,Voice of the Storms,12,helgrem_rm_vs.jpg
Heppeswip,Weave,Creature,Dream's End,4,heppeswip.jpg
Hidden Door,Underneath,Spell,Dream's End,2,hidden_door.jpg
Hogra Stones,Kybar's Teeth,Relic,Dream's End,0,hogra_stones.jpg
Hok,Kybar's Teeth,Magi,Dream's End,14,hok.jpg
Hood of Hiding,Naroom,Relic,Base Set,0,Hood_of_Hiding.jpg
Horizon's Mirage,d'Resh,Spell,Voice of the Storms,3,horizonsmirage_ds_vs.jpg
Horn of Renewal,Orothe,Relic,Traitor's Reach,1,hornofrenewal_or_tr.jpg
Hrada,Core,Magi,Dream's End,16,hrada.jpg
Hubdra's Chest,Orothe,Relic,Voice of the Storms,2,hubdraschest_or_vs.jpg
Hubdra's Cube,Orothe,Relic,Awakening,0,hubdras_cube.jpg
Hubdra's Spear,Orothe,Relic,Base Set,0,Hubdras_Spear.jpg
Hubram,Underneath,Creature,Dream's End,2,hubram.jpg
Hunter Furok,Nar,Creature,Voice of the Storms,7,hunterfurok_rc_vs.jpg
Hunter Jile,Orothe,Creature,Awakening,6,hunter_jile.jpg
Hurricane Orish,Arderial,Creature,Nightmare's Dawn,5,arderial_hurricane_orish.jpg
Hurricane Orish,Orothe,Creature,Nightmare's Dawn,5,arderial_hurricane_orish.jpg
Husp,Orothe,Creature,Awakening,4,husp.jpg
Hyren's Call,Naroom,Spell,Base Set,6,Hyrens_Call.jpg
Iain,Paradwyn,Magi,Nightmare's Dawn,12,paradwyn_iain.jpg
"Iain, Commando",Paradwyn,Magi,Traitor's Reach,13,iaincommando_pm_tr.jpg
Ice Arboll,Nar,Creature,Voice of the Storms,2,icearboll_rc_vs.jpg
Ice Furok,Nar,Creature,Voice of the Storms,4,icefurok_rc_vs.jpg
Ice Hyren,Nar,Creature,Nightmare's Dawn,8,icehyren_rc_vs.jpg
Ice Hyren,Nar,Creature,Voice of the Storms,8,icehyren_rc_vs.jpg
Ice Lens,Nar,Relic,Voice of the Storms,1,icelens_rr_vs.jpg
Ice Rupture,Nar,Spell,Voice of the Storms,2,icerupture_rs_vs.jpg
Ice Vinoc,Nar,Creature,Traitor's Reach,5,icevinoc_rc_tr.jpg
Iceberg Hyren,Nar,Creature,Voice of the Storms,3,iceberghyren_oc_vs.jpg
Iceberg Hyren,Orothe,Creature,Voice of the Storms,3,iceberghyren_oc_vs.jpg
Icecap,Nar,Relic,Traitor's Reach,3,icecap_rr_tr.jpg
Icefang Battlesled,Nar,Relic,Voice of the Storms,1,icefangbattlesled_rr_vs.jpg
Icefield Ashryte,Nar,Creature,Voice of the Storms,4,icefieldashryte_rc_vs.jpg
Icepack,Nar,Spell,Traitor's Reach,1,icepack_rs_tr.jpg
Ickle,Nar,Creature,Voice of the Storms,1,ickle_rc_vs.jpg
Icy Heart,Nar,Relic,Voice of the Storms,3,icyheart_rr_vs.jpg
Icy Prison,Nar,Relic,Voice of the Storms,1,icyprison_rr_vs.jpg
Impact,Underneath,Spell,Awakening,1,impact.jpg
Implosion,Orothe,Spell,Base Set,1,Implosion.jpg
Inferno Xyx,Cald,Creature,Promo,6,inferno.jpg
Inhibitor Band,Universal,Relic,Nightmare's Dawn,0,universal_inhibitor_band.jpg
Instant Fortress,Nar,Relic,Voice of the Storms,2,instantfortress_rr_vs.jpg
Intensify,Universal,Spell,Awakening,1,intensify.jpg
Inyx,Paradwyn,Creature,Nightmare's Dawn,8,paradwyn_inyx.jpg
Ithapher,Cald,Creature,Awakening,4,ithapher.jpg
Iximin,Orothe,Creature,Dream's End,3,iximin.jpg
Iyori,Weave,Magi,Dream's End,15,iyori.jpg
Izmer,d'Resh,Creature,Voice of the Storms,2,izmer_dc_vs.jpg
J'lith,Arderial,Creature,Awakening,2,jlith.jpg
Jaela,Arderial,Magi,Base Set,15,Jaela.jpg
Jagged Rocks,Kybar's Teeth,Spell,Dream's End,3,jagged_rocks.jpg
Jagt,Kybar's Teeth,Magi,Dream's End,11,jagt.jpg
Jaim,Orothe,Magi,Traitor's Reach,15,jaim_om_tr.jpg
Jakla Prowler,Cald,Creature,Traitor's Reach,2,jaklaprowler_cc_tr.jpg
Jalex,Core,Magi,Promo,14,jalex.jpg
Janx,Paradwyn,Creature,Voice of the Storms,4,janx_pc_vs.jpg
Jasker's Mask,Kybar's Teeth,Relic,Dream's End,0,jaskers_mask.jpg
Jetstream,Arderial,Spell,Voice of the Storms,2,jetstream_as_vs.jpg
Jile,Bograth,Creature,Nightmare's Dawn,3,bograth_jile.jpg
Jip,Naroom,Creature,Dream's End,3,jip.jpg
Jore,Underneath,Creature,Awakening,4,jore.jpg
Jory,Cald,Magi,Traitor's Reach,13,jory_cm_tr.jpg
Jumbor,Weave,Creature,Dream's End,6,jumbor.jpg
Jungle Eebit,Paradwyn,Creature,Traitor's Reach,2,jungleeebit_pc_tr.jpg
Jungle Hyren,Paradwyn,Creature,Dream's End,8,jungle_hyren.jpg
Jungle Hyren,Paradwyn,Creature,Nightmare's Dawn,8,jungle_hyren.jpg
Jungle Jile,Paradwyn,Creature,Nightmare's Dawn,4,paradwyn_jungle_jile.jpg
Jungle Riddle,Paradwyn,Spell,Traitor's Reach,1,jungleriddle_ps_tr.jpg
Junjertrug,Weave,Creature,Dream's End,7,junjertrug.jpg
Junjertrug Horn,Weave,Relic,Dream's End,1,junjertrug_horn.jpg
K'ly,Paradwyn,Creature,Nightmare's Dawn,5,paradwyn_kly.jpg
K'teeb,Naroom,Creature,Nightmare's Dawn,6,naroom_kteeb.jpg
K'teeb,Paradwyn,Creature,Nightmare's Dawn,6,naroom_kteeb.jpg
K'teeb Cub,Naroom,Creature,Nightmare's Dawn,3,naroom_kteeb_cub.jpg
K'teeb Cub,Paradwyn,Creature,Nightmare's Dawn,3,naroom_kteeb_cub.jpg
K'teeb Thumper,Naroom,Creature,Nightmare's Dawn,4,naroom_kteeb_thumper.jpg
K'teeb Thumper,Paradwyn,Creature,Nightmare's Dawn,4,naroom_kteeb_thumper.jpg
Kalius,Arderial,Magi,Awakening,12,kalius.jpg
Kalius' Ring,Arderial,Relic,Promo,0,kaliusring.jpg
Karak,Orothe,Creature,Base Set,5,Karak.jpg
Karak Band,Orothe,Relic,Awakening,0,karak_band.jpg
Karak Ink,Orothe,Relic,Voice of the Storms,1,karakink_or_vs.jpg
Karak Necklace,Orothe,Relic,Dream's End,0,karak_necklace.jpg
Karkik,Cald,Creature,Nightmare's Dawn,6,cald_karkik.jpg
Karkik,Kybar's Teeth,Creature,Nightmare's Dawn,6,cald_karkik.jpg
Karse,Orothe,Magi,Voice of the Storms,14,karse_om_vs.jpg
Kayliel,Orothe,Magi,Promo,12,kayliel.jpg
Kazm,Kybar's Teeth,Magi,Dream's End,15,kazm.jpg
Keggerop,Bograth,Magi,Nightmare's Dawn,14,bograth_keggerop.jpg
Kelthet,Cald,Creature,Base Set,4,Kelthet.jpg
Keru,Weave,Magi,Traitor's Reach,14,keru_wm_tr.jpg
Kesia,Weave,Magi,Dream's End,14,kesia.jpg
Kesia's Flute,Weave,Relic,Dream's End,0,kesias_flute.jpg
Khisp,Paradwyn,Creature,Nightmare's Dawn,5,paradwyn_khisp.jpg
Kier,Kybar's Teeth,Creature,Nightmare's Dawn,7,kybars_teeth_kier.jpg
Kier,Underneath,Creature,Nightmare's Dawn,7,kybars_teeth_kier.jpg
Kiersta,Paradwyn,Magi,Voice of the Storms,14,kiersta_pm_vs.jpg
Kiesel's Hammer,Underneath,Relic,Traitor's Reach,1,kieselshammer_ur_tr.jpg
Kintor,Nar,Creature,Voice of the Storms,3,kintor_rc_vs.jpg
Kintor Furs,Nar,Relic,Traitor's Reach,2,kintorfurs_rr_tr.jpg
Kioko,Paradwyn,Magi,Nightmare's Dawn,15,paradwyn_kioko.jpg
Klynn,Arderial,Magi,Traitor's Reach,14,klynn_am_tr.jpg
Koil,Core,Creature,Awakening,4,koil.jpg
Koll,Kybar's Teeth,Magi,Dream's End,12,koll.jpg
Kolte,Weave,Magi,Dream's End,11,kolte.jpg
Korg,Core,Magi,Promo,19,Korg.jpg
Korg & Zet,Core,Magi,Awakening,6,korg&zet.jpg
Korg's Poetry,Bograth,Relic,Nightmare's Dawn,2,bograth_korgs_poetry.jpg
Korg's Sceptre,Bograth,Relic,Voice of the Storms,2,korgssceptre_br_vs.jpg
Korok,Kybar's Teeth,Magi,Nightmare's Dawn,16,kybars_teeth_korok.jpg
Korremar,Core,Magi,Awakening,14,korremar.jpg
"Korremar, Avatar",d’Resh,Magi,Traitor's Reach,15,korremaravatar_dm_tr.jpg
Korrit,Underneath,Creature,Base Set,3,Korrit.jpg
Korul,Nar,Creature,Voice of the Storms,6,korul_rc_vs.jpg
Koza,Nar,Magi,Voice of the Storms,11,koza_rm_vs.jpg
Krawg,Cald,Creature,Dream's End,6,krawg.jpg
Krenkrajak,Nar,Creature,Voice of the Storms,3,krenkrajak_rc_vs.jpg
Kwup,Paradwyn,Creature,Voice of the Storms,4,kwup_pc_vs.jpg
Kybar's Echo,Kybar's Teeth,Spell,Dream's End,1,kybars_echo.jpg
Kybar's Fang,Kybar's Teeth,Relic,Nightmare's Dawn,8,kybars_teeth_kybars_fang.jpg
Kybar's Gift,Kybar's Teeth,Spell,Promo,3,kybarsgift.jpg
Kybar's Hammer,Kybar's Teeth,Relic,Dream's End,2,kybars_hammer.jpg
Kybar's Scroll,Kybar's Teeth,Relic,Dream's End,0,kybars_scroll.jpg
Kyg'n,Kybar's Teeth,Magi,Nightmare's Dawn,12,kybars_teeth_kygn.jpg
Kyroll,Nar,Creature,Voice of the Storms,8,kyroll_rc_vs.jpg
Lady of the Sky,Arderial,Magi,Nightmare's Dawn,16,arderial_lady_of_the_sky.jpg
Lahalou,Paradwyn,Creature,Nightmare's Dawn,2,paradwyn_lahalou.jpg
Lanyx,Core,Magi,Awakening,15,lanyx.jpg
"Lanyx, Reaper",Core,Magi,Traitor's Reach,15,lanyxreaper_xm_tr.jpg
Laranel,Nar,Magi,Voice of the Storms,8,laranel_rm_vs.jpg
Lasada,Arderial,Magi,Base Set,11,Lasada.jpg
"Lasada, Emissary",Arderial,Magi,Traitor's Reach,14,lasadaemissary_am_tr.jpg
Lascinth,Weave,Creature,Dream's End,5,lascinth.jpg
Lava Aq,Cald,Creature,Base Set,4,Lava_Aq.jpg
Lava Arboll,Cald,Creature,Base Set,2,Lava_Arboll.jpg
Lava Balamant,Cald,Creature,Base Set,5,Lava_Balamant.jpg
Lava Blast,Cald,Spell,Traitor's Reach,2,lavablast_cs_tr.jpg
Lava Flow,Cald,Spell,Dream's End,2,lava_flow.jpg
Leaf Chogo,Naroom,Creature,Voice of the Storms,4,leafchogo_nc_vs.jpg
Leaf Hyren,Naroom,Creature,Base Set,4,Leaf_Hyren.jpg
League Elder,Universal,Magi,Promo,15,leagueelder.jpg
Lens of Truth,d'Resh,Relic,Voice of the Storms,1,lensoftruth_dr_vs.jpg
Lesser Darbok,d'Resh,Creature,Voice of the Storms,2,lesserdarbok_dc_vs.jpg
Lifeweave,Weave,Spell,Dream's End,2,lifeweave.jpg
Lightning,Arderial,Spell,Base Set,2,Lightning.jpg
Lightning Braggle,Arderial,Creature,Traitor's Reach,3,lightningbraggle_ac_tr.jpg
Lightning Hyren,Arderial,Creature,Base Set,5,Lightning_Hyren.jpg
Lightning Sand,Bograth,Spell,Voice of the Storms,3,lightningsand_bs_vs.jpg
Lightning Sand,d'Resh,Spell,Voice of the Storms,3,lightningsand_bs_vs.jpg
Liriel,Paradwyn,Magi,Nightmare's Dawn,12,paradwyn_liriel.jpg
Liriel's Cape,Paradwyn,Relic,Nightmare's Dawn,0,lirielscape_pr_vs.jpg
Liriel's Cape,Paradwyn,Relic,Voice of the Storms,0,lirielscape_pr_vs.jpg
Loaded Dice,Universal,Relic,Nightmare's Dawn,0,universal_loaded_dice.jpg
Locke,Nar,Magi,Traitor's Reach,8,locke_rm_tr.jpg
Looph,Bograth,Creature,Voice of the Storms,2,looph_bc_vs.jpg
Lovian,Arderial,Creature,Base Set,4,Lovian.jpg
Lurking Minani,Paradwyn,Creature,Traitor's Reach,2,lurkingminani_pc_tr.jpg
M'ck,Kybar's Teeth,Magi,Voice of the Storms,14,mck_km_vs.jpg
M'lady Iyori,Paradwyn,Magi,Nightmare's Dawn,13,paradwyn_mlady_iyori.jpg
M'lady Iyori,Weave,Magi,Nightmare's Dawn,13,paradwyn_mlady_iyori.jpg
M'Rika,Orothe,Magi,Dream's End,12,mrika.jpg
Maelstrom,Core,Spell,Awakening,X,maelstrom.jpg
Maelstrom Flask,Universal,Relic,Dream's End,0,maelstrom_flask.jpg
Magam,Cald,Magi,Base Set,13,Magam.jpg
"Magam, Flamesmith",Cald,Magi,Voice of the Storms,12,magamflamesmith_cm_vs.jpg
Magam's Ring,Cald,Relic,Voice of the Storms,2,magamsring_cr_vs.jpg
Magma Armor,Cald,Relic,Base Set,0,Magma_Armor.jpg
Magma Hyren,Cald,Creature,Base Set,3,Magma_Hyren.jpg
Magma Jile,Cald,Creature,Awakening,5,magma_jile.jpg
Magma Parmalag,Cald,Creature,Nightmare's Dawn,4,cald_magma_parmalag.jpg
Magma Parmalag,Underneath,Creature,Nightmare's Dawn,4,cald_magma_parmalag.jpg
Magor,Paradwyn,Creature,Nightmare's Dawn,6,paradwyn_magor.jpg
Makoor,Bograth,Creature,Nightmare's Dawn,1,bograth_makoor.jpg
Malevolent Corf,Orothe,Creature,Traitor's Reach,2,malevolentcorf_oc_tr.jpg
Mantle of Shadows,Universal,Relic,Awakening,0,mantle_of_shadows.jpg
Marella,Weave,Magi,Dream's End,10,marella.jpg
"Marella, Savant",Weave,Magi,Traitor's Reach,12,marella.jpg
Mask of Abwyn,Arderial,Relic,Base Set,0,Mask_of_Abwyn.jpg
Megathan,Orothe,Creature,Base Set,8,Megathan.jpg
Mijji,Paradwyn,Magi,Traitor's Reach,13,mijji_pm_tr.jpg
Mind Blank,Core,Spell,Awakening,4,mind_blank.jpg
Mirage,d’Resh,Spell,Traitor's Reach,3,mirage_ds_tr.jpg
Mirago,Bograth,Creature,Nightmare's Dawn,2,bograth_mirago.jpg
Mirago,d'Resh,Creature,Nightmare's Dawn,2,bograth_mirago.jpg
Mirror Pendant,Universal,Relic,Base Set,0,Mirror_Pendant.jpg
Mist Hyren,Bograth,Creature,Nightmare's Dawn,15,bograth_mist_hyren.jpg
Mobis,Orothe,Magi,Base Set,16,Mobis.jpg
Moga,Kybar's Teeth,Creature,Dream's End,6,moga.jpg
Moga Boots,Kybar’s Teeth,Relic,Traitor's Reach,3,mogaboots_kr_tr.jpg
Moga Fang Necklace,Kybar's Teeth,Relic,Dream's End,0,moga_fang_necklace.jpg
Moga Pup,Kybar's Teeth,Creature,Dream's End,4,moga_pup.jpg
Mohani,d'Resh,Magi,Voice of the Storms,13,mohani_dm_vs.jpg
Molten Gauntlets,Cald,Relic,Traitor's Reach,3,moltengauntlets_cr_tr.jpg
Mombak,Nar,Creature,Voice of the Storms,3,mombak_rc_vs.jpg
Monarch Hyren,Universal,Creature,Dream's End,9,monarch_hyren.jpg
Monarch Hyren,Universal,Creature,Promo,9,monarch_hyren.jpg
Monsoon Hyren,Orothe,Creature,Promo,7,monsoonhyren.jpg
Moob,Bograth,Creature,Nightmare's Dawn,1,bograth_moob.jpg
Moob Ring,Bograth,Relic,Nightmare's Dawn,0,bograth_moob_ring.jpg
Morag,Core,Magi,Awakening,14,morag.jpg
Morag's Gift,Core,Spell,Promo,3,moragsgift.jpg
Mosp,Kybar's Teeth,Creature,Dream's End,4,mosp.jpg
Moss Pendant,Bograth,Relic,Nightmare's Dawn,1,bograth_moss_pendant.jpg
Moss Quido,Bograth,Creature,Nightmare's Dawn,3,bograth_moss_quido.jpg
Moss Trulb,Bograth,Creature,Traitor's Reach,1,mosstrulb_bc_tr.jpg
Motash,Underneath,Magi,Base Set,16,Motash.jpg
Motash's Staff,Underneath,Relic,Base Set,0,Motashs_Staff.jpg
Mowat,d'Resh,Creature,Voice of the Storms,7,mowat_dc_vs.jpg
Muck Rain,Bograth,Spell,Voice of the Storms,4,muckrain_bs_vs.jpg
Muck Shovel,Bograth,Relic,Traitor's Reach,1,muckshovel_br_tr.jpg
Muck Vinoc,Bograth,Creature,Nightmare's Dawn,2,bograth_muck_vinoc.jpg
Mud Bubble,Bograth,Spell,Traitor's Reach,2,mudbubble_bs_tr.jpg
Mudslide,Underneath,Spell,Voice of the Storms,2,mudslide_us_vs.jpg
Muggum,Bograth,Creature,Nightmare's Dawn,1,bograth_muggum.jpg
Muggum,Underneath,Creature,Nightmare's Dawn,1,bograth_muggum.jpg
Mushroom Hyren,Underneath,Creature,Base Set,7,Mushroom_Hyren.jpg
Mydra,Bograth,Creature,Nightmare's Dawn,4,bograth_mydra.jpg
Mydra,Paradwyn,Creature,Nightmare's Dawn,4,bograth_mydra.jpg
Mydra Swarm,Bograth,Spell,Nightmare's Dawn,2,bograth_mydra_swarm.jpg
Mydra Swarm,Paradwyn,Spell,Nightmare's Dawn,2,bograth_mydra_swarm.jpg
Myka,Underneath,Magi,Voice of the Storms,14,myka_um_vs.jpg
N'kala,Bograth,Creature,Nightmare's Dawn,3,bograth_nkala.jpg
N'kala,Paradwyn,Creature,Nightmare's Dawn,3,bograth_nkala.jpg
N'ssah,Kybar’s Teeth,Magi,Traitor's Reach,14,nssah_km_tr.jpg
Nagsis,Core,Magi,Awakening,15,nagsis.jpg
Nagsis' Sigil,Core,Relic,Promo,0,nagsisigil.jpg
Nahara,d'Resh,Magi,Voice of the Storms,12,nahara_dm_vs.jpg
Nalo,Orothe,Creature,Dream's End,4,nalo.jpg
Nara,Cald,Magi,Awakening,10,nara.jpg
Naroom Shadow Geyser,Core,Spell,Dream's End,5,naroom_shadow_geyser.jpg
Nashiq,d'Resh,Magi,Voice of the Storms,16,nashiq_dm_vs.jpg
Nemsa,d'Resh,Creature,Voice of the Storms,3,nemsa_dc_vs.jpg
Niffer,Arderial,Magi,Promo,14,niffer.jpg
Night Hyren,Arderial,Creature,Awakening,9,night_hyren.jpg
Nightmare Channel,Universal,Spell,Awakening,2,nightmare_channel.jpg
Nightmare Construct,Universal,Creature,Traitor's Reach,X,nightmareconstruct_ic_tr.jpg
Nightmare Hyren,Core,Creature,Promo,7,nightmarehyren.jpg
Nightmare's Dawn,Universal,Spell,Promo,2,ndspell.jpg
Nimbulo,Arderial,Magi,Base Set,14,Nimbulo.jpg
Ninibom,Bograth,Magi,Voice of the Storms,8,ninibom_bm_vs.jpg
Ninibom,Core,Magi,Voice of the Storms,8,ninibom_bm_vs.jpg
Ninx,Paradwyn,Magi,Nightmare's Dawn,12,paradwyn_ninx.jpg
Ninx,Weave,Magi,Nightmare's Dawn,12,paradwyn_ninx.jpg
Nocturne,Naroom,Spell,Dream's End,4,nocturne.jpg
Nodj,Naroom,Creature,Dream's End,5,nodj.jpg
Nymat,d’Resh,Magi,Traitor's Reach,14,nymat_dm_tr.jpg
Nyrex,Paradwyn,Creature,Nightmare's Dawn,8,paradwyn_nyrex.jpg
Nyrex,Weave,Creature,Nightmare's Dawn,8,paradwyn_nyrex.jpg
O'Qua,Orothe,Magi,Base Set,11,OQua.jpg
Oasis,d'Resh,Spell,Voice of the Storms,2,oasis_ds_vs.jpg
Obgren,Bograth,Magi,Nightmare's Dawn,12,bograth_obgren.jpg
Obsis,d'Resh,Creature,Voice of the Storms,2,obsis_dc_vs.jpg
Odavast,Nar,Magi,Voice of the Storms,10,odavast_rm_vs.jpg
Ogar,Core,Magi,Awakening,15,ogar.jpg
Ohk,Naroom,Magi,Awakening,11,ohk.jpg
Olabra,Bograth,Magi,Nightmare's Dawn,16,bograth_olabra.jpg
Olabra's Staff,Bograth,Relic,Voice of the Storms,1,olabrasstaff_br_vs.jpg
Olum,d'Resh,Creature,Voice of the Storms,2,olum_dc_vs.jpg
Olum Digger,d'Resh,Creature,Voice of the Storms,4,olumdigger_dc_vs.jpg
Olum Fiend,d’Resh,Creature,Traitor's Reach,2,olumfiend_dc_tr.jpg
Olum Mystic,d'Resh,Creature,Voice of the Storms,3,olummystic_dc_vs.jpg
Ominous Chill,Bograth,Spell,Nightmare's Dawn,2,bograth_ominous_chill.jpg
Ominous Chill,Nar,Spell,Nightmare's Dawn,2,bograth_ominous_chill.jpg
Ominous Presence,Kybar's Teeth,Spell,Dream's End,1,ominous_presence.jpg
Ookami,Paradwyn,Magi,Nightmare's Dawn,14,paradwyn_ookami.jpg
Ookami's Drums,Paradwyn,Relic,Nightmare's Dawn,0,paradwyn_ookamis_drums.jpg
Ooze Arboll,Bograth,Creature,Nightmare's Dawn,2,bograth_ooze_arboll.jpg
Ora,Arderial,Magi,Base Set,12,Ora.jpg
Oranragan,Kybar's Teeth,Creature,Promo,8,KToranragan.jpg
Oranragan,Paradwyn,Creature,Promo,8,pdwynoranragan.jpg
Orathan,Orothe,Creature,Base Set,5,Orathan.jpg
Orathan Amulet,Arderial,Relic,Voice of the Storms,2,orathanamulet_ar_vs.jpg
Orathan Amulet,Orothe,Relic,Voice of the Storms,2,orathanamulet_ar_vs.jpg
Orathan Flyer,Arderial,Creature,Base Set,5,Orathan_Flyer.jpg
Orish,Arderial,Creature,Base Set,3,Orish.jpg
Orlon,Orothe,Magi,Base Set,10,Orlon.jpg
Orlon's Ring,Orothe,Relic,Promo,0,orlonsring.jpg
Ormagon,Underneath,Creature,Base Set,10,ormagon.jpg
Ormagon,Underneath,Creature,Promo,10,ormagon.jpg
Ormalet,Underneath,Creature,Voice of the Storms,6,ormalet_uc_vs.jpg
Orok,Core,Creature,Awakening,5,orok.jpg
Orothe Shadow Geyser,Core,Spell,Dream's End,5,orothe_shadow_geyser.jpg
Orothean Belt,Orothe,Relic,Base Set,0,Orothean_Belt.jpg
Orothean Gloves,Orothe,Relic,Base Set,0,Orothean_Gloves.jpg
Orothean Goggles,Orothe,Relic,Base Set,0,Orothean_Goggles.jpg
Orothean Horn,Orothe,Relic,Awakening,0,orothean_horn.jpg
Orpus,Orothe,Creature,Base Set,3,Orpus.jpg
Orthea,Orothe,Magi,Base Set,15,Orthea.jpg
Orwin,Naroom,Magi,Base Set,16,Orwin.jpg
Orwin's Gaze,Naroom,Spell,Base Set,3,Orwins_Gaze.jpg
Orwin's Ring,Naroom,Relic,Promo,0,orwinsring.jpg
Orwin's Staff,Naroom,Relic,Base Set,0,Orwins_Staff.jpg
Osatch,Weave,Creature,Dream's End,2,osatch.jpg
Overgrowth,Naroom,Spell,Voice of the Storms,1,overgrowth_ns_vs.jpg
Owinda's Gift,Orothe,Spell,Promo,3,owindasgift.jpg
Pack Korrit,Underneath,Creature,Base Set,1,Pack_Korrit.jpg
Pagajack,Weave,Creature,Dream's End,1,pagajack.jpg
Pajick Pet,Weave,Creature,Voice of the Storms,3,pajickpet_wc_vs.jpg
Paradar,Weave,Creature,Voice of the Storms,4,paradar_wc_vs.jpg
Paralit,Orothe,Creature,Base Set,3,Paralit.jpg
Paranoia,Core,Spell,Awakening,2,paranoia.jpg
Parathin,Orothe,Creature,Dream's End,3,parathin.jpg
Parathin Shell,Orothe,Relic,Traitor's Reach,3,parathinshell_or_tr.jpg
Parmalag,Underneath,Creature,Base Set,3,Parmalag.jpg
Pearl Hyren,Orothe,Creature,Traitor's Reach,6,pearlhyren_oc_tr.jpg
Pebble Hinko,Kybar's Teeth,Creature,Voice of the Storms,3,pebblehinko_kc_vs.jpg
Pharan,Arderial,Creature,Base Set,3,Pharan.jpg
Phlouk,Bograth,Magi,Nightmare's Dawn,12,bograth_phlouk.jpg
Phosphor Hyren,Underneath,Creature,Promo,7,phosphorhyren.jpg
Phrup,Orothe,Creature,Awakening,1,phrup.jpg
Pillar Hyren,Underneath,Creature,Traitor's Reach,9,pillarhyren_uc_tr.jpg
Pillar of Brine,Orothe,Spell,Awakening,2,pillar_of_brine.jpg
Platheus,Orothe,Creature,Base Set,6,Platheus.jpg
Plith,Naroom,Creature,Base Set,3,Plith.jpg
Poad,Naroom,Magi,Base Set,13,Poad.jpg
"Poad, Innkeeper",Naroom,Magi,Voice of the Storms,12,poadinnkeeper_nm_vs.jpg
Poad's Secret Sauce,Naroom,Relic,Voice of the Storms,2,poadssecretsauce_nr_vs.jpg
Pody,Weave,Creature,Dream's End,4,pody.jpg
Poison Baloo Root,Bograth,Creature,Nightmare's Dawn,4,bograth_poison_baloo_root.jpg
Poison Baloo Root,Paradwyn,Creature,Nightmare's Dawn,4,bograth_poison_baloo_root.jpg
Pok,Paradwyn,Magi,Voice of the Storms,13,pok_pm_vs.jpg
Polar Eebit,Nar,Creature,Traitor's Reach,2,polareebit_rc_tr.jpg
Polar Rudwot,Nar,Creature,Traitor's Reach,3,polarrudwot_rc_tr.jpg
Porphin,Orothe,Creature,Traitor's Reach,3,porphin_oc_tr.jpg
Possession's Glee,Orothe,Spell,Traitor's Reach,1,possessionsglee_os_tr.jpg
Power of the Creators,Universal,Spell,Promo,11,power_of_the_creators.jpg
Prek,Underneath,Magi,Dream's End,13,prek.jpg
Primat,Cald,Creature,Awakening,2,primat.jpg
Pruitt,Naroom,Magi,Base Set,15,Pruitt.jpg
"Pruitt, Ringsmith",Naroom,Magi,Traitor's Reach,14,pruittringsmith_nm_tr.jpg
Pruitt's Robe,Naroom,Relic,Dream's End,0,pruitts_robe.jpg
Pure of Heart,Universal,Spell,Voice of the Storms,1,pureofheart_is_vs.jpg
Pyder,Bograth,Creature,Nightmare's Dawn,1,bograth_pyder.jpg
Pylofuf,Underneath,Creature,Awakening,5,pylofuf.jpg
Pyte,Cald,Magi,Promo,15,pyte.jpg
Quallon,Weave,Creature,Dream's End,3,quallon.jpg
Quallon's Quest,Weave,Spell,Traitor's Reach,2,quallonsquest_ws_tr.jpg
Quanjuel,d'Resh,Creature,Voice of the Storms,4,quanjuel_dc_vs.jpg
Quido Swarm,Bograth,Creature,Nightmare's Dawn,X,bograth_quido_swarm.jpg
Quido Swarm,Paradwyn,Creature,Nightmare's Dawn,X,bograth_quido_swarm.jpg
Quilla,Orothe,Magi,Awakening,14,quilla.jpg
Quirle,Weave,Magi,Dream's End,13,quirle.jpg
Quor,Cald,Creature,Base Set,4,Quor.jpg
Quor Pup,Cald,Creature,Base Set,2,Quor_Pup.jpg
Qwade,Core,Magi,Awakening,12,qwade.jpg
Rabbage,Naroom,Creature,Promo,3,rabbage.jpg
Rabid Bisiwog,Underneath,Creature,Voice of the Storms,4,rabidbisiwog_uc_vs.jpg
Rabid Wasperine,Core,Creature,Voice of the Storms,4,rabidwasperine_xc_vs.jpg
Radget,Underneath,Magi,Awakening,14,radget.jpg
Radiant Spring,Paradwyn,Spell,Nightmare's Dawn,1,paradwyn_radiant_spring.jpg
Raega,Cald,Magi,Awakening,11,raega.jpg
Rainbow Hyren,Arderial,Creature,Traitor's Reach,2,rainbowhyren_ac_tr.jpg
Rala,Paradwyn,Creature,Nightmare's Dawn,4,paradwyn_rala.jpg
Rala Tail,Paradwyn,Relic,Nightmare's Dawn,0,paradwyn_rala_tail.jpg
Rask,Nar,Creature,Voice of the Storms,2,rask_rc_vs.jpg
Rask Deserter,Nar,Creature,Traitor's Reach,2,raskdeserter_rc_tr.jpg
Raveled Drush,Core,Creature,Nightmare's Dawn,4,core_raveled_drush.jpg
Raxis,Cald,Creature,Base Set,4,Raxis.jpg
Rayalon,Arderial,Creature,Dream's End,6,rayalon.jpg
Rayje,Universal,Magi,Nightmare's Dawn,15,universal_rayje.jpg
Rayje's Band,Universal,Relic,Awakening,0,rayjes_band.jpg
Rayje's Belt,Universal,Relic,Awakening,0,rayjes_belt.jpg
Rayje's Belt,Universal,Relic,Promo,0,rayjes_belt.jpg
Rayje's Boots,Universal,Relic,Awakening,0,rayjes_boots.jpg
Rayje's Cloak,Universal,Relic,Dream's End,2,rayjes_cloak.jpg
Rayje's Construct,Universal,Creature,Promo,12,rayjesconstruct.jpg
Rayje's Shield,Universal,Relic,Promo,2,rayjesshield.jpg
Rayje's Sword,Universal,Relic,Dream's End,0,rayjes_sword.jpg
Reality Anchor,Universal,Relic,Voice of the Storms,1,realityanchor_ir_vs.jpg
Redream,d'Resh,Spell,Voice of the Storms,3,redream_ds_vs.jpg
Reef Hyren,Orothe,Creature,Awakening,5,reef_hyren.jpg
Refract,Nar,Spell,Voice of the Storms,1,refract_rs_vs.jpg
Rehlya,Weave,Magi,Voice of the Storms,16,rehlya_wm_vs.jpg
Rejuvenate,Universal,Spell,Promo,2,rejuvenate.jpg
Relic Mirror,Universal,Relic,Base Set,0,Relic_Mirror.jpg
Relic Stalker,Universal,Relic,Base Set,0,Relic_Stalker.jpg
Remember Ring,Naroom,Relic,Traitor's Reach,3,rememberring_nr_tr.jpg
Renegade Epik,Arderial,Creature,Traitor's Reach,2,renegadeepik_ac_tr.jpg
Resonate,Underneath,Spell,Awakening,1,resonate.jpg
Ring of Secrets,Universal,Relic,Base Set,0,Ring_of_Secrets.jpg
Ripcurl,Orothe,Spell,Traitor's Reach,4,ripcurl_os_tr.jpg
Ripple,Orothe,Spell,Voice of the Storms,1,ripple_os_vs.jpg
Riptide,Orothe,Spell,Dream's End,2,riptide.jpg
Risha,d'Resh,Magi,Voice of the Storms,16,risha_dm_vs.jpg
Ritual Spear,Kybar's Teeth,Relic,Nightmare's Dawn,2,kybars_teeth_ritual_spear.jpg
Ritual Spear,Weave,Relic,Nightmare's Dawn,2,kybars_teeth_ritual_spear.jpg
River Abaquist,Orothe,Creature,Nightmare's Dawn,3,orothe_river_abaquist.jpg
River Abaquist,Paradwyn,Creature,Nightmare's Dawn,3,orothe_river_abaquist.jpg
Roar,Kybar's Teeth,Spell,Dream's End,2,roar.jpg
Robe of Petals,Paradwyn,Relic,Nightmare's Dawn,0,paradwyn_robe_of_petals.jpg
Robe of Vines,Naroom,Relic,Base Set,0,Robe_of_Vines.jpg
Robes of the Ages,Universal,Relic,Base Set,0,Robe_of_the_Ages.jpg
Rock Arboll,Kybar's Teeth,Creature,Voice of the Storms,4,rockarboll_kc_vs.jpg
Rock Hyren,Kybar's Teeth,Creature,Awakening,11,rock_hyren.jpg
Rock Hyren,Kybar's Teeth,Creature,Dream's End,11,rock_hyren.jpg
Rock Silth,Cald,Creature,Voice of the Storms,11,rocksilth_cc_vs.jpg
Rock Silth,Kybar's Teeth,Creature,Voice of the Storms,11,rocksilth_cc_vs.jpg
Rock Slide,Kybar's Teeth,Spell,Dream's End,5,kybars_teeth_rockslide.jpg
Rock Yajo,Kybar's Teeth,Creature,Nightmare's Dawn,2,kybars_teeth_rock_yajo.jpg
Rock Yajo,Weave,Creature,Nightmare's Dawn,2,kybars_teeth_rock_yajo.jpg
Rockslide Hyren,Kybar's Teeth,Creature,Nightmare's Dawn,7,kybars_teeth_rockslide.jpg
Rod of Coals,Cald,Relic,Base Set,0,Rod_of_Coals.jpg
Rokarum,Kybar's Teeth,Creature,Voice of the Storms,5,rokarum_kc_vs.jpg
Rolling Baldar,Kybar’s Teeth,Creature,Traitor's Reach,5,rollingbaldar_kc_tr.jpg
Rot Arboll,Bograth,Creature,Traitor's Reach,2,rotarboll_bc_tr.jpg
Rous,Bograth,Creature,Voice of the Storms,3,rous_bc_vs.jpg
Rous,Core,Creature,Voice of the Storms,3,rous_bc_vs.jpg
Rudwot,Naroom,Creature,Base Set,3,Rudwot.jpg
Ruid,Bograth,Creature,Nightmare's Dawn,2,bograth_ruid.jpg
Rumble Stones,Underneath,Relic,Traitor's Reach,1,rumblestones_ur_tr.jpg
Sabertooth Jumbor,Naroom,Creature,Nightmare's Dawn,5,naroom_sabertooth_jumbor.jpg
Sabertooth Jumbor,Weave,Creature,Nightmare's Dawn,5,naroom_sabertooth_jumbor.jpg
Sagawal,Kybar's Teeth,Creature,Dream's End,3,sagawal.jpg
Sagaweave,Weave,Creature,Voice of the Storms,3,sagaweave_wc_vs.jpg
Saitorr,Nar,Creature,Voice of the Storms,3,saitorr_rc_vs.jpg
Saladarit,Cald,Creature,Nightmare's Dawn,6,cald_saladarit.jpg
Saladarit,Orothe,Creature,Nightmare's Dawn,6,cald_saladarit.jpg
Salafy,Naroom,Magi,Nightmare's Dawn,10,naroom_salafy.jpg
Salara,d’Resh,Magi,Traitor's Reach,14,salara_dm_tr.jpg
Sand Cape,d'Resh,Relic,Voice of the Storms,2,sandcape_dr_vs.jpg
Sand Hyren,d'Resh,Creature,Nightmare's Dawn,7,dresh_sand_hyren.jpg
Sand Hyren,d'Resh,Creature,Voice of the Storms,7,dresh_sand_hyren.jpg
Sand Sark,d’Resh,Creature,Traitor's Reach,4,sandsark_dc_tr.jpg
Sand Strands,d'Resh,Relic,Nightmare's Dawn,0,dresh_sand_strands.jpg
Sand Strands,Weave,Relic,Nightmare's Dawn,0,dresh_sand_strands.jpg
Sand Trap,d’Resh,Spell,Traitor's Reach,1,sandtrap_ds_tr.jpg
Sandshape,d'Resh,Spell,Voice of the Storms,1,sandshape_ds_vs.jpg
Sandsifter,d'Resh,Creature,Voice of the Storms,10,sandsifter_dc_vs.jpg
Sandsinger,d'Resh,Creature,Voice of the Storms,4,sandsinger_dc_vs.jpg
Sandstone Hyren,d'Resh,Creature,Voice of the Storms,9,sandstonehyren_dc_vs.jpg
Sandstone Hyren,Kybar's Teeth,Creature,Voice of the Storms,9,sandstonehyren_dc_vs.jpg
Sandstorm Orshaa,Arderial,Creature,Voice of the Storms,8,sandstormorshaa_ac_vs.jpg
Sandstorm Orshaa,d'Resh,Creature,Voice of the Storms,8,sandstormorshaa_ac_vs.jpg
Sandstorm Xyx,d'Resh,Creature,Voice of the Storms,4,sandstormxyx_dc_vs.jpg
Sandswirl,Arderial,Spell,Nightmare's Dawn,X,arderial_sandswirl.jpg
Sandswirl,d'Resh,Spell,Nightmare's Dawn,X,arderial_sandswirl.jpg
Sap of Life,Naroom,Spell,Base Set,3,Sap_of_Life.jpg
Sarazen Guard,Orothe,Creature,Awakening,8,sarazen_guard.jpg
Sarazen Keeper,Orothe,Creature,Voice of the Storms,6,sarazenkeeper_oc_vs.jpg
Sarazen Keeper,Underneath,Creature,Voice of the Storms,6,sarazenkeeper_oc_vs.jpg
Sarazen Outcast,Bograth,Creature,Nightmare's Dawn,3,bograth_sarazen_outcast.jpg
Sareb,d'Resh,Creature,Voice of the Storms,3,sareb_dc_vs.jpg
Sarf,Nar,Creature,Voice of the Storms,2,sarf_rc_vs.jpg
Sawgrass,Weave,Spell,Dream's End,5,sawgrass.jpg
Scarletsong Banner,Paradwyn,Relic,Traitor's Reach,2,scarletsongbanner_pr_tr.jpg
Scarletsong Hwit,Paradwyn,Creature,Nightmare's Dawn,2,paradwyn_scarletsong_hwit.jpg
Scarletsong Lahalou,Paradwyn,Creature,Traitor's Reach,2,scarletsonglahalou_pc_tr.jpg
Scarletsong Lilt,Paradwyn,Spell,Traitor's Reach,2,scarletsonglilt_ps_tr.jpg
Scarletsong's Trill,Paradwyn,Spell,Nightmare's Dawn,2,paradwyn_scarletsongs_trill.jpg
Scout Bungaloo,Naroom,Creature,Nightmare's Dawn,3,naroom_scout_bungaloo.jpg
Scout Bungaloo,Weave,Creature,Nightmare's Dawn,3,naroom_scout_bungaloo.jpg
Scroll of Fire,Cald,Relic,Base Set,0,Scroll_of_Fire.jpg
Scurrying Weggit,Weave,Creature,Traitor's Reach,2,scurryingweggit_wc_tr.jpg
Scyalla,Weave,Magi,Nightmare's Dawn,12,weave_scyalla.jpg
Sea Barl,Orothe,Creature,Base Set,4,Sea_Barl.jpg
Searing Touch,Cald,Spell,Dream's End,3,searing_touch.jpg
Seaweed Lascinth,Orothe,Creature,Nightmare's Dawn,5,orothe_seaweed_lascinth.jpg
Seaweed Lascinth,Weave,Creature,Nightmare's Dawn,5,orothe_seaweed_lascinth.jpg
Secrets of the Book,Core,Relic,Dream's End,0,secrets_of_the_book.jpg
Sellia,Orothe,Magi,Traitor's Reach,15,sellia_om_tr.jpg
Severos,Core,Creature,Voice of the Storms,6,Severos_xc_vs.jpg
Shadow Bones,Core,Relic,Awakening,0,shadow_bones.jpg
Shadow Cloak,Core,Relic,Awakening,0,shadow_cloak.jpg
Shadow Dryte,Core,Creature,Traitor's Reach,5,shadowdryte_xc_tr.jpg
Shadow Fird,Core,Creature,Traitor's Reach,1,shadowfird_xc_tr.jpg
Shadow Hyren,Core,Creature,Voice of the Storms,7,shadowhyren_xc_vs.jpg
Shadow Rain,Core,Spell,Awakening,2,shadow_rain.jpg
Shadow Ritual,Core,Spell,Voice of the Storms,2,shadowritual_xs_vs.jpg
Shadow Vinoc,Core,Creature,Awakening,4,shadow_vinoc.jpg
Shaper's Apprentice,Kybar's Teeth,Magi,Nightmare's Dawn,12,kybars_teeth_shapers.jpg
Shaper's Apprentice,Orothe,Magi,Nightmare's Dawn,12,orothe_shapers.jpg
Shard of the Great Fossil,Kybar's Teeth,Relic,Nightmare's Dawn,2,kybars_teeth_shard.jpg
Shattering Wind,Nar,Spell,Voice of the Storms,3,shatteringwind_rs_vs.jpg
Shattershards,Nar,Spell,Voice of the Storms,1,shattershards_rs_vs.jpg
Sheath,Weave,Spell,Dream's End,3,sheath.jpg
Shell,Orothe,Spell,Dream's End,2,shell.jpg
Shimmer,Arderial,Magi,Base Set,12,Shimmer.jpg
Shimmering Orshaa,d'Resh,Creature,Voice of the Storms,8,shimmeringorshaa_dc_vs.jpg
Shivara,Arderial,Magi,Promo,12,shivara.jpg
Shock Ring,Arderial,Relic,Traitor's Reach,1,shockring_ar_tr.jpg
Shock Vashp,Arderial,Creature,Dream's End,2,shock_vashp.jpg
Shockwave,Arderial,Spell,Base Set,5,shockwave.jpg
Shockwave,Arderial,Spell,Promo,5,shockwave.jpg
Shooting Star,Arderial,Spell,Base Set,1,Shooting_Star.jpg
Shrink,Arderial,Spell,Voice of the Storms,2,shrink_as_vs.jpg
Shroud of the Master,Core,Relic,Traitor's Reach,3,shroudofthemaster_xr_tr.jpg
Shryque,Core,Creature,Awakening,2,shryque.jpg
Sikra,d'Resh,Creature,Nightmare's Dawn,6,dresh_sikra.jpg
Sikra,Underneath,Creature,Nightmare's Dawn,6,dresh_sikra.jpg
Silth Giant,Cald,Creature,Dream's End,10,silth_giant.jpg
Sinder,Cald,Magi,Base Set,12,Sinder.jpg
"Sinder, Apprentice",Cald,Magi,Traitor's Reach,13,sinderapprentice_cm_tr.jpg
Sinder's Mantle,Cald,Relic,Awakening,1,sinders_mantle.jpg
Singed Pride,Cald,Spell,Traitor's Reach,1,singedpride_cs_tr.jpg
Sive,Naroom,Magi,Traitor's Reach,13,sive_nm_tr.jpg
Skullek,d'Resh,Creature,Voice of the Storms,3,skullek_dc_vs.jpg
Slarnath,Bograth,Creature,Nightmare's Dawn,3,bograth_slarnath.jpg
Slime Stone,Bograth,Relic,Nightmare's Dawn,0,bograth_slime_stone.jpg
Slime Stone,Kybar's Teeth,Relic,Nightmare's Dawn,0,bograth_slime_stone.jpg
Slinking Greal,Core,Creature,Traitor's Reach,2,slinkinggreal_xc_tr.jpg
Smoke Xyx,Cald,Creature,Dream's End,4,smoke_xyx.jpg
Snag Arboll,Naroom,Creature,Traitor's Reach,3,snagarboll_nc_tr.jpg
Snare,Paradwyn,Spell,Voice of the Storms,1,snare_ps_vs.jpg
Sneak Attack,Bograth,Spell,Nightmare's Dawn,3,bograth_sneak_attack.jpg
Sneak Attack,Paradwyn,Spell,Nightmare's Dawn,3,bograth_sneak_attack.jpg
Sneaky Weebo,Naroom,Creature,Traitor's Reach,2,sneakyweebo_nc_tr.jpg
Snow Barl Pup,Nar,Creature,Voice of the Storms,4,snowbarlpup_rc_vs.jpg
Snow Hyren,Nar,Creature,Voice of the Storms,8,snowhyren_rc_vs.jpg
Snowball,Nar,Spell,Voice of the Storms,3,snowball_rs_vs.jpg
Solar Flare,Arderial,Spell,Awakening,4,solar_flare.jpg
Sorreah,Arderial,Magi,Awakening,13,sorreah.jpg
Sorreah's Dream,Arderial,Spell,Dream's End,X,sorreahs_dream.jpg
Sorrowing Ogar,Underneath,Magi,Dream's End,15,sorrowing_ogar.jpg
Spark,Cald,Spell,Traitor's Reach,1,spark_cs_tr.jpg
Spark Chogo,Cald,Creature,Voice of the Storms,2,sparkchogo_cc_vs.jpg
Speag,Weave,Creature,Dream's End,2,speag.jpg
Speag Sprouts,Weave,Creature,Traitor's Reach,2,speagsprouts_wc_tr.jpg
Spectral Shield,Universal,Spell,Awakening,1,spectral_shield.jpg
Spell Pulse,Paradwyn,Spell,Nightmare's Dawn,2,paradwyn_spell_pulse.jpg
Sperri,Naroom,Magi,Awakening,12,sperri.jpg
Sphor,Orothe,Creature,Base Set,2,Sphor.jpg
Sphor Charm,Orothe,Relic,Traitor's Reach,1,sphorcharm_or_tr.jpg
Spined Hyren,d'Resh,Creature,Voice of the Storms,6,spinedhyren_dc_vs.jpg
Spirit Drain,Bograth,Spell,Nightmare's Dawn,3,bograth_spirit_drain.jpg
Spirit Drain,Paradwyn,Spell,Nightmare's Dawn,3,bograth_spirit_drain.jpg
Spirit of Arderial,Arderial,Spell,Voice of the Storms,0,spiritofarderial_as_vs.jpg
Spirit of Bograth,Bograth,Spell,Voice of the Storms,0,spiritofbograth_bs_vs.jpg
Spirit of Cald,Cald,Spell,Voice of the Storms,0,spiritofcald_cs_vs.jpg
Spirit of Nar,Nar,Spell,Voice of the Storms,0,spiritofnar_rs_vs.jpg
Spirit of Naroom,Naroom,Spell,Voice of the Storms,0,spiritofnaroom_ns_vs.jpg
Spirit of Ombor,Underneath,Spell,Voice of the Storms,0,spiritofombor_us_vs.jpg
Spirit of Orothe,Orothe,Spell,Voice of the Storms,0,spiritoforothe_os_vs.jpg
Spirit of Paradwyn,Paradwyn,Spell,Voice of the Storms,0,spiritofparadwyn_ps_vs.jpg
Spirit of Rayje,Universal,Spell,Voice of the Storms,0,spiritofrayje_is_vs.jpg
Spirit of the Core,Core,Spell,Voice of the Storms,0,spiritofthecore_xs_vs.jpg
Spirit of the Flame,Cald,Spell,Base Set,1,Spirit_of_the_Flame.jpg
Spirit of the Teeth,Kybar's Teeth,Spell,Voice of the Storms,0,spiritoftheteeth_ks_vs.jpg
Spirit of the Weave,Weave,Spell,Voice of the Storms,0,spiritoftheweave_ws_vs.jpg
Spore Vashp,Underneath,Creature,Dream's End,3,spore_vashp.jpg
Spray Narth,Arderial,Creature,Nightmare's Dawn,3,arderial_spray_narth.jpg
Spray Narth,Orothe,Creature,Nightmare's Dawn,3,arderial_spray_narth.jpg
Sprout,Weave,Spell,Voice of the Storms,2,sprout_ws_vs.jpg
Sqwik,Paradwyn,Magi,Traitor's Reach,13,sqwik_pm_tr.jpg
Staff of Hyren,Universal,Relic,Base Set,0,Staff_of_Hyren.jpg
Staff of Keepers,Universal,Relic,Dream's End,0,staff_of_keepers.jpg
Staff of Korrits,Underneath,Relic,Base Set,0,Staff_of_Korrits.jpg
Staff of Vines,Paradwyn,Relic,Nightmare's Dawn,0,paradwyn_staff_of_vines.jpg
Stagadan,Naroom,Creature,Base Set,3,Stagadan.jpg
Stagadan Charger,Naroom,Creature,Traitor's Reach,4,stagadancharger_nc_tr.jpg
Stalk,Paradwyn,Spell,Nightmare's Dawn,1,paradwyn_stalk.jpg
Stalker's Boots,Paradwyn,Relic,Nightmare's Dawn,0,paradwyn_stalkers_boots.jpg
Stand and Take It,Kybar's Teeth,Spell,Voice of the Storms,1,standandtakeit_ks_vs.jpg
Starlight's Genesis,Arderial,Spell,Traitor's Reach,0,starlightsgenesis_as_tr.jpg
Statement of Core Values,Bograth,Relic,Nightmare's Dawn,2,bograth_statement_o.jpg
Statement of Core Values,Core,Relic,Nightmare's Dawn,2,core_statement_of_c.jpg
Stealth,Core,Spell,Dream's End,3,stealth.jpg
Stone Quor,Kybar's Teeth,Creature,Dream's End,8,stone_quor.jpg
Stone Storm,Kybar's Teeth,Spell,Dream's End,X+3,stone_storm.jpg
Storm Cloud,Arderial,Spell,Base Set,5,Storm_Cloud.jpg
Storm of Fishes,Orothe,Spell,Awakening,2,storm_of_fishes.jpg
Storm Ring,Arderial,Relic,Base Set,0,Storm_Ring.jpg
Storm Shield,Arderial,Relic,Dream's End,0,storm_shield.jpg
Storm Wings,Arderial,Relic,Voice of the Storms,3,stormwings_ar_vs.jpg
Stradus,Arderial,Magi,Base Set,12,Stradus.jpg
Strag,Underneath,Magi,Base Set,13,Strag.jpg
Strag's Claws,Underneath,Relic,Nightmare's Dawn,2,underneath_strags_claws.jpg
Strag's Ring,Underneath,Relic,Promo,0,stragsring.jpg
Striped Korrit,Underneath,Creature,Nightmare's Dawn,4,underneath_striped_korrit.jpg
Striped Korrit,Weave,Creature,Nightmare's Dawn,4,underneath_striped_korrit.jpg
Stubborn Chogus,Kybar’s Teeth,Creature,Traitor's Reach,4,stubbornchogus_kc_tr.jpg
Stumbling Junjertrug,Weave,Creature,Voice of the Storms,6,stumblingjunjertrug_wc_vs.jpg
Submerge,Orothe,Spell,Base Set,2,Submerge.jpg
Sulfurous Spirit,Cald,Spell,Awakening,1,sulfurous_spirit.jpg
Sun Glasses,d'Resh,Relic,Voice of the Storms,1,sunglasses_dr_vs.jpg
Sunbeam's End,Arderial,Spell,Traitor's Reach,0,sunbeamsend_as_tr.jpg
Sunburn,d'Resh,Spell,Voice of the Storms,2,sunburn_ds_vs.jpg
Sunglare Celphet,Nar,Creature,Voice of the Storms,3,sunglarecelphet_rc_vs.jpg
Surf Diel,Orothe,Creature,Voice of the Storms,1,surfdiel_oc_vs.jpg
Swamp Hyren,Bograth,Creature,Dream's End,8,bograth_swamp_hyren.jpg
Swamp Hyren,Bograth,Creature,Nightmare's Dawn,8,bograth_swamp_hyren.jpg
Swamp Moga,Bograth,Creature,Voice of the Storms,5,swampmoga_bc_vs.jpg
Swamp Weebo,Bograth,Creature,Nightmare's Dawn,2,bograth_swamp_weebo.jpg
Swirling Orshaa,d'Resh,Creature,Voice of the Storms,6,swirlingorshaa_dc_vs.jpg
Sylorum,Orothe,Creature,Voice of the Storms,6,sylorum_oc_vs.jpg
Syphon Stone,Universal,Relic,Base Set,0,Syphon_Stone.jpg
Syphon Vortex,Cald,Spell,Base Set,X+4,Syphon_Vortex.jpg
Syre,Underneath,Creature,Dream's End,3,syre.jpg
Szalak,Core,Creature,Awakening,4,szalak.jpg
Szhar,d'Resh,Creature,Voice of the Storms,5,szhar_dc_vs.jpg
T'dek,Naroom,Magi,Traitor's Reach,15,tdek_nm_tr.jpg
T'kanzam,Paradwyn,Creature,Nightmare's Dawn,4,paradwyn_tkanzam.jpg
T'lok,Kybar's Teeth,Magi,Nightmare's Dawn,16,kybars_teeth_tlok.jpg
"T'lok, Traitor",Core,Magi,Traitor's Reach,14,tloktraitor_xm_tr.jpg
Taglat,Bograth,Creature,Nightmare's Dawn,5,bograth_taglat.jpg
Taglat,Paradwyn,Creature,Nightmare's Dawn,5,bograth_taglat.jpg
Taisa,Paradwyn,Magi,Nightmare's Dawn,15,paradwyn_taisa.jpg
Taisa,Weave,Magi,Nightmare's Dawn,15,paradwyn_taisa.jpg
Tal'ik,Kybar’s Teeth,Magi,Traitor's Reach,19,talik_km_tr.jpg
Tap Roots,Naroom,Spell,Base Set,3,Tap_Roots.jpg
Tar Hyren,Bograth,Creature,Nightmare's Dawn,6,bograth_tar_hyren.jpg
Tar Hyren,Core,Creature,Nightmare's Dawn,6,bograth_tar_hyren.jpg
Targ'n,Kybar's Teeth,Magi,Dream's End,17,targn.jpg
Tempest Hyren,Arderial,Creature,Promo,7,tempesthyren.jpg
Terkoz,Paradwyn,Creature,Voice of the Storms,3,terkoz_pc_vs.jpg
Terrorize,Core,Spell,Awakening,4,terrorize.jpg
Thast,Nar,Magi,Voice of the Storms,15,thast_rm_vs.jpg
The Dark Twins,Core,Magi,Promo,26,the_dark_twins.jpg
The Hunt,Weave,Spell,Dream's End,1,the_hunt.jpg
The Last Words,Cald,Relic,Nightmare's Dawn,2,cald_the_last_words.jpg
The Last Words,Orothe,Relic,Nightmare's Dawn,2,cald_the_last_words.jpg
The Prankster,Kybar's Teeth,Magi,Promo,14,prankster.jpg
The Real Qwade,Core,Magi,Voice of the Storms,20,therealqwade_xm_vs.jpg
Thermal Blast,Cald,Spell,Base Set,3,Thermal_Blast.jpg
Thin Ice,Nar,Spell,Voice of the Storms,3,thinice_rs_vs.jpg
Thoughtful Baldar,Kybar's Teeth,Creature,Voice of the Storms,7,thoughtfulbaldar_kc_vs.jpg
Three-Leaf Clover,Paradwyn,Relic,Voice of the Storms,1,threeleafclover_pr_vs.jpg
Three-Leaf Clover,Weave,Relic,Voice of the Storms,1,threeleafclover_pr_vs.jpg
Thresh,Weave,Creature,Voice of the Storms,4,thresh_wc_vs.jpg
Thrybe,d'Resh,Creature,Voice of the Storms,1,thrybe_dc_vs.jpg
Thunder Hyren,Arderial,Creature,Base Set,7,Thunder_Hyren.jpg
Thunder Vashp,Arderial,Creature,Base Set,2,Thunder_Vashp.jpg
Thunderquake,Underneath,Spell,Base Set,X,thunderquake.jpg
Thunderquake,Underneath,Spell,Promo,X,thunderquake.jpg
Tidal Karak,Orothe,Creature,Voice of the Storms,3,tidalkarak_oc_vs.jpg
Tidal Wave,Orothe,Spell,Base Set,6,Tidal_Wave.jpg
Tillant,Naroom,Creature,Awakening,6,tillant.jpg
Tiller,Naroom,Magi,Awakening,15,tiller.jpg
Timber Hyren,Naroom,Creature,Base Set,7,Timber_Hyren.jpg
Tithragar,Nar,Creature,Voice of the Storms,5,tithragar_rc_vs.jpg
Toasted Yajo,Weave,Creature,Traitor's Reach,3,toastedyajo_wc_tr.jpg
Togoth,Core,Magi,Nightmare's Dawn,15,core_togoth.jpg
Tomes of the Great Library,Core,Relic,Nightmare's Dawn,2,core_tomes_of_the_.jpg
Tomes of the Great Library,Naroom,Relic,Nightmare's Dawn,2,naroom_tomes_of_the_.jpg
Tomorrow's Jewel,Universal,Relic,Dream's End,1,tomorrows_jewel.jpg
Tony at a Con,Universal,Magi,Promo,12,tonyatacon.jpg
Tony Jones,Universal,Magi,Promo,10,tony.jpg
Topple,Kybar’s Teeth,Spell,Traitor's Reach,2,topple_ks_tr.jpg
Torpar,Bograth,Creature,Voice of the Storms,3,torpar_bc_vs.jpg
Torpar,Paradwyn,Creature,Voice of the Storms,3,torpar_bc_vs.jpg
Tradewinds,Arderial,Spell,Voice of the Storms,2,tradewinds_as_vs.jpg
Tragan,Core,Creature,Awakening,6,tragan.jpg
Tranquility,Arderial,Spell,Awakening,2,tranquility.jpg
Trask,Core,Creature,Awakening,4,trask.jpg
Traveling Healer,Cald,Magi,Voice of the Storms,13,travelinghealer_km_vs.jpg
Traveling Healer,Kybar's Teeth,Magi,Voice of the Storms,13,travelinghealer_km_vs.jpg
Tree Hinko,Naroom,Creature,Awakening,2,tree_hinko.jpg
Treepsh,Bograth,Creature,Nightmare's Dawn,2,bograth_treepsh.jpg
Treepsh,Paradwyn,Creature,Nightmare's Dawn,2,bograth_treepsh.jpg
Tremor Stones,Underneath,Relic,Dream's End,0,tremor_stones.jpg
Tripvine,Paradwyn,Relic,Traitor's Reach,3,tripvine_pr_tr.jpg
Trogovo,Underneath,Creature,Voice of the Storms,6,trogovo_uc_vs.jpg
Tropical Hyren,Paradwyn,Creature,Nightmare's Dawn,6,paradwyn_tropical_hyren.jpg
Tropical Jumbor,Paradwyn,Creature,Voice of the Storms,4,tropicaljumbor_pc_vs.jpg
Tropical Jumbor,Weave,Creature,Voice of the Storms,4,tropicaljumbor_pc_vs.jpg
Tropical Plith,Paradwyn,Creature,Voice of the Storms,4,tropicaljplith_pc_vs.jpg
Tropical Rain,Paradwyn,Spell,Nightmare's Dawn,2,paradwyn_tropical_rain.jpg
Tropical Vinoc,Paradwyn,Creature,Nightmare's Dawn,4,paradwyn_tropical_vinoc.jpg
Trubble,Bograth,Spell,Traitor's Reach,2,#N/A
Trug,Underneath,Magi,Base Set,9,Trug.jpg
Trulb,Bograth,Creature,Nightmare's Dawn,1,bograth_trulb.jpg
Trulb Bracelet,Bograth,Relic,Traitor's Reach,2,trulbbracelet_br_tr.jpg
Trulb Horde,Bograth,Spell,Nightmare's Dawn,1,bograth_trulb_horde.jpg
Trygar,Underneath,Magi,Awakening,12,trygar.jpg
Trygar's Will,Underneath,Relic,Voice of the Storms,1,trygarswill_ur_vs.jpg
Tryn,Naroom,Magi,Base Set,14,Tryn.jpg
Tryn Flame-Saver,Cald,Magi,Nightmare's Dawn,12,cald_tryn_flamesaver.jpg
Tryn Flame-Saver,Naroom,Magi,Nightmare's Dawn,12,cald_tryn_flamesaver.jpg
Tuk Berries,Weave,Relic,Dream's End,0,tuk_berries.jpg
Tuku,Universal,Magi,Promo,12,tuku.jpg
Tunnel,Underneath,Spell,Voice of the Storms,1,kybars_teeth_tunnel.jpg
Tunnel Hyren,Underneath,Creature,Awakening,9,tunnel_hyren.jpg
Tunnel Parmalag,Kybar's Teeth,Creature,Nightmare's Dawn,8,kybars_teeth_tunnel.jpg
Tunnel Parmalag,Underneath,Creature,Nightmare's Dawn,8,underneath_tunnel.jpg
Tunneler's Boots,Underneath,Relic,Awakening,0,tunnelers_boots.jpg
Turn,Core,Spell,Awakening,X+3,turn.jpg
Tweave,Weave,Creature,Dream's End,1,tweave.jpg
Twee,Naroom,Creature,Base Set,1,Twee.jpg
Twisted Dreams,Core,Spell,Traitor's Reach,2,twisteddreams_xs_tr.jpg
Twisted Dreams,Core,Spell,Traitor's Reach,2,twisteddreams_xs_tr.jpg
Twunk,Naroom,Creature,Voice of the Storms,4,twunk_nc_vs.jpg
Typhoon,Orothe,Spell,Base Set,8,Typhoon.jpg
Uban,d'Resh,Creature,Voice of the Storms,2,uban_dc_vs.jpg
Ugger,Core,Creature,Awakening,3,ugger.jpg
Ulk,Underneath,Magi,Base Set,12,Ulk.jpg
"Ulk, Prodigy",Underneath,Magi,Traitor's Reach,15,ulkprodigy_um_tr.jpg
Ullig,Kybar's Teeth,Magi,Dream's End,20,ullig.jpg
Ullig's Ring,Kybar's Teeth,Relic,Promo,0,ulligsring.jpg
Ullig's Slingshot,Kybar's Teeth,Relic,Dream's End,0,ulligs_slingshot.jpg
Ulmi,Underneath,Magi,Traitor's Reach,13,ulmi_um_tr.jpg
Umbu,Bograth,Creature,Voice of the Storms,2,umbu_bc_vs.jpg
Underlord's Shield,Underneath,Relic,Awakening,0,underlords_shield.jpg
Underneath Shadow Geyser,Core,Spell,Dream's End,5,underneath_shadow_geyser.jpg
Undertow,Orothe,Spell,Base Set,5,Undertow.jpg
Une's Scale,Universal,Relic,Traitor's Reach,1,unesscale_ir_tr.jpg
Unmake,d'Resh,Spell,Voice of the Storms,X,unmake_ds_vs.jpg
Unmake,Underneath,Spell,Voice of the Storms,X,unmake_ds_vs.jpg
Updraft,Arderial,Spell,Base Set,1,Updraft.jpg
Urhail,Underneath,Creature,Dream's End,7,urhail.jpg
Urigant,Kybar's Teeth,Creature,Nightmare's Dawn,5,kybars_teeth_urigant.jpg
Urigant,Underneath,Creature,Nightmare's Dawn,5,kybars_teeth_urigant.jpg
Ushi,Weave,Magi,Traitor's Reach,14,ushi_wm_tr.jpg
Ust,Nar,Magi,Voice of the Storms,8,ust_rm_vs.jpg
Uwamar,Weave,Creature,Dream's End,3,uwamar.jpg
Uwamar Beads,Weave,Relic,Dream's End,0,uwamar_beads.jpg
Vaal,Cald,Creature,Base Set,3,Vaal.jpg
Valkan,Cald,Magi,Base Set,12,Valkan.jpg
Vaporize,Core,Spell,Dream's End,3,vaporize.jpg
Vard,Bograth,Creature,Voice of the Storms,2,vard_bc_vs.jpg
Vard Stampede,Bograth,Spell,Nightmare's Dawn,2,bograth_vard_stampede.jpg
Vault of Knowledge Key,Orothe,Relic,Nightmare's Dawn,2,orothe_vault.jpg
Vellup,Arderial,Creature,Base Set,2,Vellup.jpg
Velouria,Nar,Magi,Voice of the Storms,14,velouria_rm_vs.jpg
Vemment,Arderial,Creature,Awakening,4,vemment.jpg
Ven,Cald,Magi,Awakening,14,ven.jpg
Venger,d'Resh,Creature,Voice of the Storms,2,venger_dc_vs.jpg
Venomous Korrit,Underneath,Creature,Traitor's Reach,2,venomouskorrit_uc_tr.jpg
Verdant Shield,Naroom,Spell,Traitor's Reach,1,verdantshield_ns_tr.jpg
Vertigo,Kybar's Teeth,Spell,Dream's End,2,vertigo.jpg
Vim and Vigor,Naroom,Spell,Dream's End,4,vim_and_vigor.jpg
Vine Bhatar,Paradwyn,Creature,Traitor's Reach,3,vinebhatar_pc_tr.jpg
Vine Hyren,Paradwyn,Creature,Nightmare's Dawn,7,paradwyn_vine_hyren.jpg
Vinoc,Naroom,Creature,Base Set,3,Vinoc.jpg
Voda,Orothe,Magi,Awakening,14,voda.jpg
Vogo,Kybar's Teeth,Creature,Dream's End,6,vogo.jpg
Voice of the Storm,Arderial,Magi,Nightmare's Dawn,13,arderial_orothea_voice_of_the_storm.jpg
Voice of the Storm,Orothe,Magi,Nightmare's Dawn,13,orothe_voice_of_the.jpg
Voice of the Storms,Universal,Spell,Promo,2,vots.jpg
Void Stone,Nar,Relic,Voice of the Storms,1,voidstone_rr_vs.jpg
Volcano Hyren,Cald,Creature,Promo,7,volcanohyren.jpg
Volt Shield,Arderial,Spell,Traitor's Reach,2,voltshield_as_tr.jpg
Vopok,Kybar's Teeth,Creature,Voice of the Storms,4,vopok_kc_vs.jpg
Vorga,Cald,Magi,Dream's End,13,vorga.jpg
Vortex of Knowledge,Naroom,Spell,Base Set,1,Vortex_of_Knowledge.jpg
Vrak,Nar,Creature,Voice of the Storms,4,vrak_rc_vs.jpg
Vrill,Core,Creature,Awakening,4,vrill.jpg
Vulbor,Underneath,Creature,Base Set,3,Vulbor.jpg
Vuryip,Weave,Creature,Dream's End,6,vuryip.jpg
Wandering Balamant,Naroom,Creature,Traitor's Reach,6,wanderingbalamant_nc_tr.jpg
Warlum,Arderial,Creature,Awakening,3,warlum.jpg
Warrada,Core,Magi,Awakening,12,warrada.jpg
Warrada's Ring,Core,Relic,Nightmare's Dawn,0,core_warradas_ring.jpg
Warrior Olum,d'Resh,Creature,Voice of the Storms,6,warriorolum_dc_vs.jpg
Warrior's Boots,Universal,Relic,Base Set,0,Warriors_Boots.jpg
Warrior's Boots,Universal,Relic,Promo,0,Warriors_Boots.jpg
Wasperine,Naroom,Creature,Awakening,3,wasperine.jpg
Wasperine Stalker,Nar,Creature,Voice of the Storms,3,wasperinestalker_nc_vs.jpg
Wasperine Stalker,Naroom,Creature,Voice of the Storms,3,wasperinestalker_nc_vs.jpg
Water of Life,Universal,Relic,Base Set,0,Water_of_Life.jpg
Weave Arboll,Weave,Creature,Traitor's Reach,3,weavearboll_wc_tr.jpg
Weave Hut,Weave,Relic,Dream's End,0,weave_hut.jpg
Weave Hyren,Weave,Creature,Awakening,8,weave_hyren.jpg
Weave Hyren,Weave,Creature,Dream's End,8,weave_hyren.jpg
Weave Mat,Weave,Relic,Dream's End,2,weave_mat.jpg
Weave Maul,Weave,Relic,Traitor's Reach,1,weavemaul_wr_tr.jpg
Weave Mind,Weave,Spell,Dream's End,1,weave_mind.jpg
Weave Powder,Weave,Relic,Dream's End,0,weave_powder.jpg
Weave Seed,Weave,Spell,Voice of the Storms,5,weaveseed_ws_vs.jpg
Weave Winds,Weave,Spell,Dream's End,6,weave_winds.jpg
Weave-woven Anklet,Weave,Relic,Traitor's Reach,2,weavewovenanklet_wr_tr.jpg
Weebat,Underneath,Creature,Awakening,3,weebat.jpg
Weeblit,Naroom,Relic,Awakening,0,weeblit.jpg
Weebo,Naroom,Creature,Base Set,2,Weebo.jpg
Weed Hyren,Paradwyn,Creature,Nightmare's Dawn,6,paradwyn_weed_hyren.jpg
Weed Hyren,Weave,Creature,Nightmare's Dawn,6,paradwyn_weed_hyren.jpg
Weethan,Orothe,Creature,Awakening,2,weethan.jpg
Weggit,Weave,Creature,Dream's End,3,weggit.jpg
Wellisk,Orothe,Creature,Base Set,3,Wellisk.jpg
Wellisk Pup,Orothe,Creature,Base Set,2,Wellisk_Pup.jpg
Wence,Naroom,Magi,Base Set,10,Wence.jpg
Wence the Wanderer,Naroom,Magi,Voice of the Storms,11,wencethewanderer_nm_vs.jpg
Wence the Wanderer,Weave,Magi,Voice of the Storms,11,wencethewanderer_nm_vs.jpg
Wence's Travelog,Naroom,Relic,Voice of the Storms,0,wencestravelog_nr_vs.jpg
Wence's Travelog,Weave,Relic,Voice of the Storms,0,wencestravelog_nr_vs.jpg
Wessig,Kybar's Teeth,Magi,Dream's End,13,wessig.jpg
Whall,Orothe,Magi,Base Set,10,Whall.jpg
Whilp,Bograth,Magi,Traitor's Reach,12,whilp_bm_tr.jpg
Whiteout,Nar,Spell,Voice of the Storms,1,whiteout_rs_vs.jpg
Wiep,Bograth,Magi,Nightmare's Dawn,15,bograth_wiep.jpg
Wildfire,Cald,Spell,Awakening,2,wildfire.jpg
Will of Orothe,Orothe,Spell,Base Set,6,Will_of_Orothe.jpg
Wind Hyren,Arderial,Creature,Voice of the Storms,7,windhyren_ac_vs.jpg
Wind Hyren,d'Resh,Creature,Voice of the Storms,7,windhyren_ac_vs.jpg
Wither Twee,Bograth,Creature,Traitor's Reach,2,withertwee_bc_tr.jpg
Woot!,Naroom,Magi,Nightmare's Dawn,15,naroom_woot.jpg
Worgle,Nar,Creature,Voice of the Storms,4,worgle_rc_vs.jpg
Wudge,Core,Creature,Awakening,1,wudge.jpg
Wyle,Arderial,Creature,Voice of the Storms,4,wyle_ac_vs.jpg
Xala,d'Resh,Creature,Voice of the Storms,8,xala_dc_vs.jpg
Xamf,Kybar's Teeth,Creature,Dream's End,5,xamf.jpg
Xandia,Cald,Magi,Traitor's Reach,14,xandia_cm_tr.jpg
Xyx,Arderial,Creature,Base Set,3,Xyx.jpg
Xyx Elder,Arderial,Creature,Base Set,6,Xyx_Elder.jpg
Xyx Minor,Arderial,Creature,Base Set,2,Xyx_Minor.jpg
Yajo,Weave,Creature,Dream's End,3,yajo.jpg
Yaki,Naroom,Magi,Base Set,14,Yaki.jpg
"Yaki, Core Stalker",Naroom,Magi,Voice of the Storms,16,yakicorestalker_nm_vs.jpg
Yaki's Gauntlets,Naroom,Relic,Nightmare's Dawn,0,naroom_yakis_gauntlets.jpg
Yark,Kybar's Teeth,Creature,Dream's End,5,yark.jpg
Yark Gloves,Kybar's Teeth,Relic,Dream's End,1,yark_gloves.jpg
Yaromant,Nar,Creature,Voice of the Storms,6,yaromant_rc_vs.jpg
Yarothis,Arderial,Creature,Awakening,8,yarothis.jpg
Yaw,Nar,Creature,Voice of the Storms,4,yaw_rc_vs.jpg
Yayek,Core,Magi,Traitor's Reach,10,yayek_xm_tr.jpg
Yebed,Kybar's Teeth,Creature,Dream's End,6,yebed.jpg
Yerthe,Weave,Magi,Dream's End,14,yerthe.jpg
Yog,Bograth,Magi,Nightmare's Dawn,15,bograth_yog.jpg
Yog's Maul,Bograth,Relic,Nightmare's Dawn,0,bograth_yogs_maul.jpg
Yollum,Cald,Creature,Awakening,6,yollum.jpg
Yricho,Paradwyn,Magi,Nightmare's Dawn,16,paradwyn_yricho.jpg
Yricho's Staff,Paradwyn,Relic,Nightmare's Dawn,0,paradwyn_yrichos_staff.jpg
Ythra,d'Resh,Magi,Voice of the Storms,14,ythra_dm_vs.jpg
Ythra's Mantle,d'Resh,Relic,Voice of the Storms,2,ythrasmantle_dr_vs.jpg
Zajan,Naroom,Magi,Dream's End,15,zajan.jpg
Zannah,Naroom,Magi,Dream's End,14,zannah.jpg
Zassyfer,Weave,Creature,Dream's End,3,zassyfer.jpg
Zaya,Weave,Magi,Dream's End,16,zaya.jpg
Zaya's Bow,Weave,Relic,Dream's End,0,zayas_bow.jpg
Zet,Core,Magi,Promo,12,Zet.jpg
Zungg,Bograth,Creature,Nightmare's Dawn,1,bograth_zungg.jpg
Zungg,Core,Creature,Nightmare's Dawn,1,bograth_zungg.jpg
Zungg Swarm,Bograth,Spell,Nightmare's Dawn,6,bograth_zungg_swarm.jpg
Zyavu,Nar,Creature,Voice of the Storms,3,zyavu_rc_vs.jpg
